Cum Price Returns,,,
,,,
,DVN,DJUSEN,WTI
6/4/2019,1,1,1
6/5/2019,0.98,0.99,0.97
6/6/2019,0.99,1.00,0.98
6/7/2019,0.99,1.01,1.01
6/10/2019,1.01,1.01,1.00
6/11/2019,1.00,1.01,1.00
6/12/2019,0.98,0.99,0.96
6/13/2019,1.01,1.01,0.98
6/14/2019,1.00,1.00,0.98
6/17/2019,1.02,1.01,0.97
6/18/2019,1.04,1.02,1.01
6/19/2019,1.04,1.02,1.01
6/20/2019,1.08,1.04,1.06
6/21/2019,1.09,1.05,1.07
6/24/2019,1.08,1.04,1.08
6/25/2019,1.08,1.03,1.08
6/26/2019,1.11,1.05,1.11
6/27/2019,1.09,1.04,1.11
6/28/2019,1.10,1.06,1.09
7/1/2019,1.12,1.06,1.10
7/2/2019,1.06,1.04,1.05
7/3/2019,1.06,1.04,1.07
7/5/2019,1.08,1.04,1.08
7/8/2019,1.08,1.05,1.08
7/9/2019,1.08,1.05,1.08
7/10/2019,1.11,1.06,1.13
7/11/2019,1.11,1.06,1.13
7/12/2019,1.11,1.07,1.13
7/15/2019,1.07,1.05,1.11
7/16/2019,1.03,1.04,1.08
7/17/2019,1.00,1.03,1.06
7/18/2019,0.99,1.03,1.03
7/19/2019,1.02,1.03,1.04
7/22/2019,1.02,1.04,1.05
7/23/2019,1.01,1.04,1.06
7/24/2019,1.02,1.05,1.04
7/25/2019,0.99,1.03,1.05
7/26/2019,0.99,1.03,1.05
7/29/2019,0.99,1.02,1.06
7/30/2019,1.04,1.04,1.09
7/31/2019,1.04,1.03,1.10
8/1/2019,0.97,1.01,1.01
8/2/2019,0.97,0.99,1.04
8/5/2019,0.93,0.96,1.02
8/6/2019,0.94,0.96,1.00
8/7/2019,0.93,0.95,0.96
8/8/2019,0.94,0.98,0.98
8/9/2019,0.93,0.97,1.02
8/12/2019,0.91,0.95,1.03
8/13/2019,0.91,0.96,1.07
8/14/2019,0.85,0.92,1.03
8/15/2019,0.83,0.92,1.02
8/16/2019,0.87,0.93,1.03
8/19/2019,0.90,0.95,1.05
8/20/2019,0.90,0.94,1.05
8/21/2019,0.90,0.95,1.04
8/22/2019,0.89,0.94,1.03
8/23/2019,0.84,0.91,1.01
8/26/2019,0.83,0.92,1.00
8/27/2019,0.82,0.91,1.03
8/28/2019,0.85,0.92,1.04
8/29/2019,0.87,0.94,1.06
8/30/2019,0.85,0.94,1.03
9/3/2019,0.85,0.93,1.01
9/4/2019,0.88,0.95,1.05
9/5/2019,0.91,0.96,1.05
9/6/2019,0.90,0.96,1.06
9/9/2019,0.95,0.98,1.08
9/10/2019,0.95,0.99,1.07
9/11/2019,0.96,1.00,1.04
9/12/2019,0.95,0.99,1.03
9/13/2019,0.97,1.00,1.03
9/16/2019,1.09,1.03,1.18
9/17/2019,1.03,1.02,1.11
9/18/2019,1.03,1.01,1.09
9/19/2019,1.01,1.01,1.09
9/20/2019,1.01,1.01,1.09
9/23/2019,1.00,1.01,1.10
9/24/2019,0.96,0.99,1.07
9/25/2019,0.96,0.99,1.06
9/26/2019,0.95,0.98,1.05
9/27/2019,0.94,0.98,1.05
9/30/2019,0.93,0.97,1.01
10/1/2019,0.90,0.95,1.00
10/2/2019,0.85,0.93,0.98
10/3/2019,0.88,0.94,0.98
10/4/2019,0.88,0.94,0.99
10/7/2019,0.85,0.93,0.99
10/8/2019,0.81,0.92,0.98
10/9/2019,0.82,0.93,0.98
10/10/2019,0.81,0.94,1.00
10/11/2019,0.82,0.95,1.02
10/14/2019,0.81,0.95,1.00
10/15/2019,0.81,0.95,0.99
10/16/2019,0.80,0.94,1.00
10/17/2019,0.79,0.94,1.01
10/18/2019,0.77,0.94,1.01
10/21/2019,0.78,0.95,1.00
10/22/2019,0.80,0.97,1.01
10/23/2019,0.83,0.97,1.05
10/24/2019,0.83,0.97,1.05
10/25/2019,0.83,0.98,1.06
10/28/2019,0.82,0.97,1.04
10/29/2019,0.83,0.97,1.04
10/30/2019,0.78,0.95,1.03
10/31/2019,0.79,0.95,1.01
11/1/2019,0.82,0.97,1.05
11/4/2019,0.87,1.00,1.06
11/5/2019,0.89,1.01,1.07
11/6/2019,0.86,0.98,1.05
11/7/2019,0.88,1.00,1.07
11/8/2019,0.89,0.99,1.07
11/11/2019,0.87,0.99,1.06
11/12/2019,0.87,0.98,1.06
11/13/2019,0.84,0.97,1.07
11/14/2019,0.85,0.97,1.06
11/15/2019,0.87,0.98,1.08
11/18/2019,0.85,0.96,1.07
11/19/2019,0.83,0.95,1.03
11/20/2019,0.85,0.96,1.07
11/21/2019,0.88,0.97,1.10
11/22/2019,0.88,0.97,1.08
11/25/2019,0.88,0.97,1.08
11/26/2019,0.86,0.96,1.09
11/27/2019,0.87,0.97,1.09
11/29/2019,0.85,0.96,1.03
12/2/2019,0.85,0.96,1.05
12/3/2019,0.83,0.94,1.05
12/4/2019,0.87,0.96,1.09
12/5/2019,0.86,0.95,1.09
12/6/2019,0.90,0.97,1.11
12/9/2019,0.90,0.97,1.10
12/10/2019,0.91,0.97,1.11
12/11/2019,0.91,0.97,1.10
12/12/2019,0.93,0.99,1.11
12/13/2019,0.91,0.98,1.12
12/16/2019,0.93,0.99,1.13
12/17/2019,0.94,1.00,1.14
12/18/2019,0.96,1.00,1.14
12/19/2019,0.98,1.00,1.14
12/20/2019,0.99,1.01,1.13
12/23/2019,1.02,1.02,1.13
12/24/2019,1.03,1.02,1.14
12/26/2019,1.03,1.02,1.15
12/27/2019,1.00,1.01,1.15
12/30/2019,0.99,1.01,1.15
12/31/2019,1.01,1.02,1.14
1/2/2020,1.00,1.02,1.14
1/3/2020,1.02,1.02,1.18
1/6/2020,1.03,1.03,1.18
1/7/2020,1.03,1.03,1.17
1/8/2020,0.99,1.01,1.11
1/9/2020,1.01,1.02,1.11
1/10/2020,0.98,1.01,1.10
1/13/2020,0.99,1.01,1.09
1/14/2020,1.02,1.01,1.09
1/15/2020,1.02,1.00,1.08
1/16/2020,1.03,1.01,1.09
1/17/2020,1.01,1.00,1.09
1/21/2020,0.97,0.98,1.09
1/22/2020,0.95,0.97,1.06
1/23/2020,0.95,0.97,1.04
1/24/2020,0.93,0.95,1.01
1/27/2020,0.88,0.93,0.99
1/28/2020,0.88,0.93,1.00
1/29/2020,0.86,0.92,1.00
1/30/2020,0.87,0.93,0.97
1/31/2020,0.84,0.90,0.96
2/3/2020,0.82,0.89,0.94
2/4/2020,0.85,0.89,0.93
2/5/2020,0.91,0.92,0.95
2/6/2020,0.90,0.91,0.95
2/7/2020,0.89,0.91,0.94
2/10/2020,0.88,0.90,0.93
2/11/2020,0.88,0.91,0.93
2/12/2020,0.90,0.92,0.96
2/13/2020,0.91,0.92,0.96
2/14/2020,0.89,0.91,0.97
2/18/2020,0.86,0.90,0.97
2/19/2020,0.88,0.91,1.00
2/20/2020,0.86,0.91,1.01
2/21/2020,0.82,0.90,1.00
2/24/2020,0.75,0.86,0.96
2/25/2020,0.69,0.82,0.93
2/26/2020,0.65,0.79,0.91
2/27/2020,0.61,0.75,0.88
2/28/2020,0.63,0.76,0.84
3/2/2020,0.63,0.78,0.87
3/3/2020,0.61,0.76,0.88
3/4/2020,0.63,0.77,0.87
3/5/2020,0.62,0.75,0.86
3/6/2020,0.52,0.70,0.77
3/9/2020,0.33,0.56,0.58
3/10/2020,0.35,0.58,0.64
3/11/2020,0.33,0.55,0.62
3/12/2020,0.29,0.49,0.59
3/13/2020,0.34,0.53,0.59
3/16/2020,0.30,0.46,0.54
3/17/2020,0.25,0.46,0.50
3/18/2020,0.21,0.40,0.38
3/19/2020,0.26,0.42,0.47
3/20/2020,0.24,0.43,0.42
3/23/2020,0.24,0.40,0.44
3/24/2020,0.29,0.46,0.45
3/25/2020,0.28,0.48,0.46
3/26/2020,0.29,0.51,0.42
3/27/2020,0.25,0.48,0.40
3/30/2020,0.25,0.48,0.38
3/31/2020,0.27,0.49,0.38
4/1/2020,0.27,0.47,0.38
4/2/2020,0.31,0.51,0.47
4/3/2020,0.33,0.50,0.53
4/6/2020,0.35,0.53,0.49
4/7/2020,0.34,0.54,0.44
4/8/2020,0.37,0.57,0.47
4/9/2020,0.38,0.57,0.43
4/13/2020,0.38,0.57,0.42
4/14/2020,0.36,0.56,0.38
4/15/2020,0.34,0.54,0.37
4/16/2020,0.32,0.52,0.37
4/17/2020,0.36,0.57,0.34
4/20/2020,0.36,0.55,-0.70
4/21/2020,0.36,0.54,0.19
4/22/2020,0.38,0.56,0.26
4/23/2020,0.42,0.58,0.31
4/24/2020,0.41,0.58,0.32
4/27/2020,0.42,0.59,0.24
4/28/2020,0.43,0.61,0.23
4/29/2020,0.50,0.65,0.28
4/30/2020,0.49,0.64,0.35
5/1/2020,0.44,0.60,0.37
5/4/2020,0.45,0.62,0.38
5/5/2020,0.44,0.62,0.46
5/6/2020,0.45,0.61,0.45
5/7/2020,0.47,0.62,0.44
5/8/2020,0.50,0.65,0.46
5/11/2020,0.49,0.64,0.45
5/12/2020,0.49,0.62,0.48
5/13/2020,0.45,0.59,0.47
5/14/2020,0.46,0.60,0.52
5/15/2020,0.47,0.60,0.55
5/18/2020,0.52,0.64,0.59
5/19/2020,0.48,0.63,0.61
5/20/2020,0.49,0.65,0.63
5/21/2020,0.48,0.64,0.63
5/22/2020,0.48,0.64,0.62
5/26/2020,0.48,0.66,0.64
5/27/2020,0.49,0.66,0.61
5/28/2020,0.46,0.64,0.63
5/29/2020,0.43,0.64,0.66
6/1/2020,0.46,0.65,0.66
6/2/2020,0.48,0.67,0.69
6/3/2020,0.49,0.69,0.70
6/4/2020,0.50,0.69,0.70
6/5/2020,0.57,0.74,0.74
6/8/2020,0.62,0.78,0.71
6/9/2020,0.57,0.75,0.73
6/10/2020,0.54,0.71,0.74
6/11/2020,0.48,0.64,0.68
6/12/2020,0.51,0.66,0.68
6/15/2020,0.51,0.66,0.69
6/16/2020,0.53,0.68,0.72
6/17/2020,0.50,0.66,0.71
6/18/2020,0.51,0.67,0.73
6/19/2020,0.51,0.66,0.74
6/22/2020,0.50,0.66,0.76
6/23/2020,0.49,0.66,0.75
6/24/2020,0.45,0.62,0.71
6/25/2020,0.46,0.64,0.72
6/26/2020,0.43,0.61,0.72
6/29/2020,0.44,0.62,0.74
6/30/2020,0.45,0.64,0.73
7/1/2020,0.44,0.62,0.74
7/2/2020,0.45,0.63,0.76
7/6/2020,0.44,0.63,0.76
7/7/2020,0.41,0.61,0.76
7/8/2020,0.41,0.61,0.76
7/9/2020,0.39,0.58,0.74
7/10/2020,0.40,0.60,0.76
7/13/2020,0.40,0.60,0.75
7/14/2020,0.41,0.62,0.75
7/15/2020,0.43,0.63,0.77
7/16/2020,0.42,0.63,0.76
7/17/2020,0.41,0.62,0.76
7/20/2020,0.41,0.61,0.76
7/21/2020,0.45,0.64,0.78
7/22/2020,0.44,0.64,0.78
7/23/2020,0.43,0.64,0.77
7/24/2020,0.42,0.63,0.77
7/27/2020,0.41,0.63,0.78
7/28/2020,0.41,0.62,0.77
7/29/2020,0.43,0.63,0.77
7/30/2020,0.41,0.61,0.75
7/31/2020,0.42,0.61,0.75
8/3/2020,0.42,0.61,0.77
8/4/2020,0.44,0.62,0.78
8/5/2020,0.48,0.63,0.79
8/6/2020,0.47,0.63,0.78
8/7/2020,0.48,0.63,0.77
8/10/2020,0.50,0.65,0.78
8/11/2020,0.49,0.64,0.78
8/12/2020,0.50,0.65,0.80
8/13/2020,0.48,0.64,0.79
8/14/2020,0.49,0.64,0.79
8/17/2020,0.48,0.64,0.80
8/18/2020,0.46,0.63,0.80
8/19/2020,0.45,0.62,0.80
8/20/2020,0.43,0.61,0.80
8/21/2020,0.42,0.60,0.79
8/24/2020,0.44,0.62,0.80
8/25/2020,0.44,0.61,0.81
8/26/2020,0.43,0.60,0.81
8/27/2020,0.44,0.60,0.80
8/28/2020,0.45,0.61,0.80
8/31/2020,0.44,0.60,0.80
9/1/2020,0.44,0.59,0.80
9/2/2020,0.43,0.59,0.78
9/3/2020,0.42,0.58,0.77
9/4/2020,0.43,0.58,0.74
9/8/2020,0.39,0.56,0.69
9/9/2020,0.39,0.56,0.71
9/10/2020,0.36,0.54,0.70
9/11/2020,0.37,0.54,0.70
9/14/2020,0.37,0.55,0.70
9/15/2020,0.38,0.54,0.72
9/16/2020,0.40,0.57,0.75
9/17/2020,0.41,0.57,0.77
9/18/2020,0.40,0.56,0.77
9/21/2020,0.38,0.54,0.74
9/22/2020,0.38,0.54,0.74
9/23/2020,0.36,0.51,0.75
9/24/2020,0.37,0.51,0.75
9/25/2020,0.36,0.51,0.75
9/28/2020,0.40,0.52,0.76
9/29/2020,0.39,0.51,0.73
9/30/2020,0.39,0.51,0.75
10/1/2020,0.37,0.49,0.72
10/2/2020,0.39,0.50,0.69
10/5/2020,0.42,0.51,0.73
10/6/2020,0.40,0.51,0.76
10/7/2020,0.40,0.51,0.75
10/8/2020,0.42,0.53,0.77
10/9/2020,0.41,0.52,0.76
10/12/2020,0.40,0.53,0.74
10/13/2020,0.39,0.52,0.75
10/14/2020,0.38,0.52,0.77
10/15/2020,0.39,0.53,0.77
10/16/2020,0.37,0.51,0.76
10/19/2020,0.36,0.50,0.76
10/20/2020,0.37,0.51,0.78
10/21/2020,0.35,0.50,0.75
10/22/2020,0.38,0.52,0.76
10/23/2020,0.38,0.52,0.75
10/26/2020,0.36,0.50,0.72
10/27/2020,0.36,0.49,0.74
10/28/2020,0.33,0.47,0.70
10/29/2020,0.35,0.49,0.68
10/30/2020,0.37,0.49,0.67
11/2/2020,0.39,0.51,0.69
11/3/2020,0.40,0.50,0.70
11/4/2020,0.40,0.50,0.73
11/5/2020,0.41,0.50,0.73
11/6/2020,0.40,0.49,0.69
11/9/2020,0.46,0.56,0.75
11/10/2020,0.48,0.57,0.77
11/11/2020,0.48,0.57,0.78
11/12/2020,0.46,0.55,0.77
11/13/2020,0.48,0.57,0.75
11/16/2020,0.51,0.61,0.77
11/17/2020,0.54,0.61,0.77
11/18/2020,0.52,0.59,0.78
11/19/2020,0.56,0.60,0.78
11/20/2020,0.54,0.60,0.79
11/23/2020,0.59,0.64,0.81
11/24/2020,0.63,0.67,0.84
11/25/2020,0.62,0.66,0.85
11/27/2020,0.61,0.65,0.85
11/30/2020,0.57,0.62,0.85
12/1/2020,0.57,0.62,0.83
12/2/2020,0.61,0.64,0.85
12/3/2020,0.63,0.64,0.85
12/4/2020,0.69,0.68,0.86
12/7/2020,0.65,0.66,0.86
12/8/2020,0.66,0.67,0.85
12/9/2020,0.64,0.67,0.85
12/10/2020,0.68,0.69,0.87
12/11/2020,0.67,0.69,0.87
12/14/2020,0.64,0.66,0.88
12/15/2020,0.65,0.68,0.89
12/16/2020,0.66,0.67,0.89
12/17/2020,0.67,0.67,0.90
12/18/2020,0.65,0.66,0.92
12/21/2020,0.63,0.65,0.89
12/22/2020,0.61,0.64,0.88
12/23/2020,0.65,0.65,0.90
12/24/2020,0.63,0.65,0.90
12/28/2020,0.63,0.64,0.89
12/29/2020,0.63,0.64,0.90
12/30/2020,0.67,0.65,0.91
12/31/2020,0.65,0.64,0.91
1/4/2021,0.67,0.64,0.89
1/5/2021,0.72,0.67,0.93
1/6/2021,0.76,0.69,0.95
1/7/2021,0.77,0.70,0.95
1/8/2021,0.75,0.70,0.98
1/11/2021,0.76,0.71,0.98
1/12/2021,0.81,0.74,0.99
1/13/2021,0.79,0.73,0.99
1/14/2021,0.84,0.75,1.00
1/15/2021,0.81,0.72,0.98
1/19/2021,0.83,0.74,0.99
1/20/2021,0.83,0.74,1.00
1/21/2021,0.76,0.72,0.99
1/22/2021,0.74,0.71,0.98
1/25/2021,0.72,0.71,0.99
1/26/2021,0.70,0.69,0.98
1/27/2021,0.71,0.68,0.99
1/28/2021,0.71,0.69,0.98
1/29/2021,0.68,0.67,0.98
2/1/2021,0.69,0.67,1.00
2/2/2021,0.70,0.68,1.02
2/3/2021,0.75,0.71,1.04
2/4/2021,0.75,0.71,1.05
2/5/2021,0.74,0.72,1.06
2/8/2021,0.77,0.75,1.08
2/9/2021,0.78,0.74,1.09
2/10/2021,0.82,0.75,1.10
2/11/2021,0.80,0.74,1.09
2/12/2021,0.83,0.75,1.11
2/16/2021,0.86,0.77,1.12
2/17/2021,0.90,0.78,1.14
2/18/2021,0.85,0.76,1.13
2/19/2021,0.86,0.77,1.11
2/22/2021,0.88,0.80,1.15
2/23/2021,0.89,0.81,1.15
2/24/2021,0.92,0.84,1.18
2/25/2021,0.88,0.82,1.19
2/26/2021,0.89,0.80,1.15
3/1/2021,0.93,0.82,1.13
3/2/2021,0.93,0.82,1.12
3/3/2021,0.94,0.83,1.15
3/4/2021,0.98,0.85,1.19
3/5/2021,1.06,0.88,1.24
3/8/2021,1.02,0.89,1.22
3/9/2021,0.98,0.87,1.20
3/10/2021,0.99,0.89,1.20
3/11/2021,1.02,0.89,1.23
3/12/2021,1.01,0.89,1.23
3/15/2021,1.03,0.88,1.22
3/16/2021,0.98,0.86,1.21
3/17/2021,0.99,0.87,1.21
3/18/2021,0.94,0.83,1.12
3/19/2021,0.95,0.83,1.15
3/22/2021,0.93,0.82,1.15
3/23/2021,0.91,0.81,1.08
3/24/2021,0.93,0.83,1.14
3/25/2021,0.93,0.83,1.09
3/26/2021,0.95,0.85,1.14
3/29/2021,0.91,0.84,1.15
3/30/2021,0.92,0.83,1.13
3/31/2021,0.91,0.83,1.11
4/1/2021,0.98,0.85,1.15
4/5/2021,0.94,0.83,1.10
4/6/2021,0.95,0.83,1.11
4/7/2021,0.94,0.83,1.12
4/8/2021,0.93,0.82,1.11
4/9/2021,0.92,0.81,1.11
4/12/2021,0.92,0.81,1.12
4/13/2021,0.91,0.81,1.13
4/14/2021,0.94,0.83,1.18
4/15/2021,0.94,0.82,1.19
4/16/2021,0.92,0.82,1.18
4/19/2021,0.92,0.82,1.19
4/20/2021,0.88,0.80,1.17
4/21/2021,0.89,0.81,1.15
4/22/2021,0.88,0.80,1.15
4/23/2021,0.90,0.80,1.16
4/26/2021,0.91,0.81,1.16
4/27/2021,0.93,0.82,1.18
4/28/2021,1.01,0.85,1.19
4/29/2021,1.01,0.86,1.22
4/30/2021,0.98,0.83,1.19
5/3/2021,0.99,0.86,1.21
5/4/2021,0.98,0.86,1.23
5/5/2021,1.06,0.88,1.23
5/6/2021,1.06,0.89,1.21
5/7/2021,1.10,0.91,1.21
5/10/2021,1.09,0.90,1.21
5/11/2021,1.08,0.88,1.22
5/12/2021,1.07,0.88,1.24
5/13/2021,1.04,0.87,1.19
5/14/2021,1.10,0.90,1.22
5/17/2021,1.14,0.92,1.24
5/18/2021,1.10,0.90,1.22
5/19/2021,1.06,0.87,1.18
5/20/2021,1.06,0.87,1.16
5/21/2021,1.06,0.87,1.19
5/24/2021,1.09,0.88,1.24
5/25/2021,1.08,0.86,1.24
5/26/2021,1.10,0.87,1.24
5/27/2021,1.11,0.87,1.25
5/28/2021,1.11,0.87,1.24
6/1/2021,1.26,0.91,1.27
6/2/2021,1.29,0.92,1.29
6/3/2021,1.30,0.93,1.29
6/4/2021,1.32,0.93,1.30
6/7/2021,1.29,0.93,1.29
6/8/2021,1.29,0.94,1.31
6/9/2021,1.25,0.93,1.31
6/10/2021,1.23,0.93,1.31
6/11/2021,1.24,0.93,1.33
6/14/2021,1.23,0.93,1.33
6/15/2021,1.25,0.94,1.35
6/16/2021,1.23,0.94,1.35
6/17/2021,1.17,0.91,1.33
6/18/2021,1.13,0.88,1.34
6/21/2021,1.21,0.92,1.38
6/22/2021,1.21,0.92,1.37
6/23/2021,1.23,0.93,1.37
6/24/2021,1.26,0.93,1.37
6/25/2021,1.26,0.94,1.38
6/28/2021,1.20,0.91,1.36
6/29/2021,1.19,0.90,1.36
6/30/2021,1.24,0.92,1.37
7/1/2021,1.27,0.93,1.41
7/2/2021,1.24,0.93,1.41
7/6/2021,1.18,0.90,1.37
7/7/2021,1.17,0.88,1.35
7/8/2021,1.17,0.88,1.36
7/9/2021,1.21,0.90,1.39
7/12/2021,1.21,0.90,1.39
7/13/2021,1.23,0.89,1.41
7/14/2021,1.16,0.87,1.37
7/15/2021,1.13,0.85,1.34
7/16/2021,1.09,0.83,1.34
7/19/2021,1.06,0.80,1.24
7/20/2021,1.07,0.81,1.26
7/21/2021,1.11,0.84,1.31
7/22/2021,1.10,0.83,1.34
7/23/2021,1.08,0.83,1.35
7/26/2021,1.13,0.85,1.34
7/27/2021,1.10,0.84,1.34
7/28/2021,1.12,0.85,1.35
7/29/2021,1.13,0.85,1.38
7/30/2021,1.09,0.84,1.38
8/2/2021,1.08,0.83,1.33
8/3/2021,1.11,0.85,1.32
8/4/2021,1.07,0.82,1.27
8/5/2021,1.13,0.84,1.29
8/6/2021,1.14,0.84,1.28
8/9/2021,1.13,0.83,1.24
8/10/2021,1.17,0.85,1.28
8/11/2021,1.18,0.85,1.29
8/12/2021,1.20,0.85,1.29
8/13/2021,1.19,0.84,1.28
8/16/2021,1.15,0.82,1.26
8/17/2021,1.14,0.81,1.25
8/18/2021,1.11,0.80,1.22
8/19/2021,1.07,0.77,1.19
8/20/2021,1.09,0.78,1.17
8/23/2021,1.15,0.81,1.23
8/24/2021,1.21,0.82,1.26
8/25/2021,1.24,0.83,1.28
8/26/2021,1.23,0.81,1.26
8/27/2021,1.28,0.83,1.29
8/30/2021,1.26,0.83,1.29
8/31/2021,1.25,0.82,1.28
9/1/2021,1.20,0.81,1.28
9/2/2021,1.24,0.83,1.31
9/3/2021,1.23,0.82,1.30
9/7/2021,1.23,0.82,1.28
9/8/2021,1.19,0.81,1.30
9/9/2021,1.20,0.81,1.27
9/10/2021,1.21,0.81,1.30
9/13/2021,1.25,0.83,1.32
9/14/2021,1.22,0.82,1.32
9/15/2021,1.31,0.85,1.36
9/16/2021,1.31,0.84,1.36
9/17/2021,1.28,0.84,1.35
9/20/2021,1.21,0.81,1.31
9/21/2021,1.23,0.81,1.32
9/22/2021,1.31,0.84,1.35
9/23/2021,1.41,0.87,1.37
9/24/2021,1.42,0.87,1.38
9/27/2021,1.51,0.90,1.41
9/28/2021,1.51,0.91,1.41
9/29/2021,1.54,0.91,1.40
9/30/2021,1.53,0.89,1.40
10/1/2021,1.59,0.92,1.42
10/4/2021,1.67,0.94,1.45
10/5/2021,1.73,0.94,1.48
10/6/2021,1.67,0.93,1.45
10/7/2021,1.65,0.94,1.46
10/8/2021,1.72,0.97,1.48
10/11/2021,1.70,0.96,1.51
10/12/2021,1.69,0.96,1.51
10/13/2021,1.68,0.97,1.50
10/14/2021,1.71,0.98,1.52
10/15/2021,1.73,0.98,1.54
10/18/2021,1.74,0.98,1.54
10/19/2021,1.74,0.99,1.55
10/20/2021,1.76,1.00,1.57
10/21/2021,1.71,0.98,1.54
10/22/2021,1.74,0.99,1.57
10/25/2021,1.75,1.01,1.57
10/26/2021,1.79,1.01,1.58
10/27/2021,1.71,0.99,1.55
10/28/2021,1.74,0.99,1.55
10/29/2021,1.73,0.99,1.56
11/1/2021,1.81,1.00,1.57
11/2/2021,1.81,0.99,1.57
11/3/2021,1.81,0.99,1.51
11/4/2021,1.82,0.99,1.47
11/5/2021,1.88,1.00,1.52
11/8/2021,1.90,1.01,1.53
11/9/2021,1.89,1.01,1.57
11/10/2021,1.82,0.98,1.52
11/11/2021,1.84,0.99,1.53
11/12/2021,1.83,0.98,1.51
11/15/2021,1.86,0.99,1.51
11/16/2021,1.87,0.99,1.51
11/17/2021,1.82,0.98,1.47
11/18/2021,1.87,0.97,1.48
11/19/2021,1.75,0.94,1.42
11/22/2021,1.77,0.95,1.44
11/23/2021,1.87,0.98,1.47
11/24/2021,1.94,0.99,1.47
11/26/2021,1.84,0.95,1.27
11/29/2021,1.89,0.96,1.31
11/30/2021,1.81,0.93,1.24
12/1/2021,1.76,0.92,1.23
12/2/2021,1.79,0.95,1.24
12/3/2021,1.80,0.94,1.24
12/6/2021,1.82,0.95,1.30
12/7/2021,1.94,0.97,1.35
12/8/2021,1.93,0.97,1.35
12/9/2021,1.86,0.96,1.33
12/10/2021,1.91,0.97,1.34
12/13/2021,1.80,0.94,1.33
12/14/2021,1.77,0.94,1.32
12/15/2021,1.75,0.94,1.33
12/16/2021,1.77,0.94,1.35
12/17/2021,1.72,0.92,1.32
12/20/2021,1.68,0.91,1.28
12/21/2021,1.81,0.94,1.33
12/22/2021,1.86,0.94,1.36
12/23/2021,1.85,0.94,1.38
12/27/2021,1.96,0.96,1.41
12/28/2021,1.95,0.96,1.42
12/29/2021,1.94,0.95,1.43
12/30/2021,1.92,0.95,1.44
12/31/2021,1.93,0.95,1.41
1/3/2022,2.00,0.98,1.42
1/4/2022,2.09,1.01,1.44
1/5/2022,2.05,1.01,1.46
1/6/2022,2.12,1.03,1.49
1/7/2022,2.15,1.04,1.48
1/10/2022,2.13,1.04,1.46
1/11/2022,2.19,1.08,1.52
1/12/2022,2.19,1.08,1.55
1/13/2022,2.18,1.07,1.54
1/14/2022,2.21,1.10,1.57
1/18/2022,2.21,1.10,1.60
1/19/2022,2.15,1.09,1.63
1/20/2022,2.13,1.08,1.62
1/21/2022,2.02,1.06,1.59
1/24/2022,2.12,1.06,1.56
1/25/2022,2.25,1.10,1.60
1/26/2022,2.27,1.10,1.63
1/27/2022,2.27,1.11,1.62
1/28/2022,2.26,1.11,1.62
1/31/2022,2.22,1.11,1.65
2/1/2022,2.31,1.15,1.65
2/2/2022,2.34,1.16,1.65
2/3/2022,2.33,1.14,1.69
2/4/2022,2.32,1.16,1.73
2/7/2022,2.31,1.18,1.71
2/8/2022,2.25,1.15,1.67
2/9/2022,2.29,1.16,1.68
2/10/2022,2.29,1.15,1.68
2/11/2022,2.37,1.18,1.74
2/14/2022,2.29,1.16,1.78
2/15/2022,2.26,1.14,1.72
2/16/2022,2.36,1.15,1.75
2/17/2022,2.42,1.15,1.72
2/18/2022,2.40,1.14,1.70
2/22/2022,2.31,1.12,1.73
2/23/2022,2.35,1.13,1.72
2/24/2022,2.31,1.13,1.74
2/25/2022,2.42,1.16,1.71
2/28/2022,2.61,1.19,1.79
3/1/2022,2.60,1.20,1.93
3/2/2022,2.57,1.23,2.07
3/3/2022,2.58,1.23,2.01
3/4/2022,2.61,1.26,2.16
3/7/2022,2.63,1.28,2.23
3/8/2022,2.61,1.30,2.31
3/9/2022,2.59,1.26,2.03
3/10/2022,2.66,1.30,1.98
3/11/2022,2.62,1.29,2.04
3/14/2022,2.35,1.25,1.93
3/15/2022,2.37,1.20,1.80
3/16/2022,2.34,1.20,1.78
3/17/2022,2.57,1.24,1.93
3/18/2022,2.60,1.24,1.96
3/21/2022,2.74,1.29,2.10
3/22/2022,2.71,1.28,2.09
3/23/2022,2.75,1.31,2.15
3/24/2022,2.75,1.31,2.10
3/25/2022,2.79,1.34,2.13
3/28/2022,2.70,1.31,1.98
3/29/2022,2.70,1.30,1.95
3/30/2022,2.70,1.32,2.02
3/31/2022,2.64,1.30,1.88
4/1/2022,2.69,1.31,1.86
4/4/2022,2.72,1.31,1.93
4/5/2022,2.61,1.29,1.91
4/6/2022,2.60,1.30,1.80
4/7/2022,2.69,1.31,1.80
4/8/2022,2.78,1.35,1.84
4/11/2022,2.68,1.31,1.76
4/12/2022,2.78,1.33,1.88
4/13/2022,2.84,1.35,1.95
4/14/2022,2.79,1.35,2.00
4/18/2022,2.84,1.37,2.02
4/19/2022,2.81,1.36,1.92
4/20/2022,2.88,1.37,1.92
4/21/2022,2.73,1.32,1.94
4/22/2022,2.59,1.29,1.91
4/25/2022,2.51,1.25,1.84
4/26/2022,2.52,1.25,1.90
4/27/2022,2.59,1.27,1.91
4/28/2022,2.67,1.31,1.97
4/29/2022,2.60,1.27,1.96
5/2/2022,2.60,1.29,1.97
5/3/2022,2.87,1.33,1.91
5/4/2022,3.02,1.38,2.02
5/5/2022,3.00,1.36,2.02
5/6/2022,3.11,1.40,2.05
5/9/2022,2.77,1.28,1.93
5/10/2022,2.84,1.29,1.87
5/11/2022,2.89,1.30,1.98
5/12/2022,2.88,1.31,1.98
5/13/2022,3.07,1.35,2.07
5/16/2022,3.17,1.38,2.14
5/17/2022,3.24,1.40,2.10
5/18/2022,3.12,1.36,2.05
5/19/2022,3.10,1.36,2.10
5/20/2022,3.12,1.36,2.12
5/23/2022,3.17,1.40,2.06
5/24/2022,3.14,1.41,2.05
5/25/2022,3.21,1.43,2.06
5/26/2022,3.29,1.45,2.13
5/27/2022,3.38,1.48,2.15
5/31/2022,3.34,1.45,2.14
6/1/2022,3.41,1.48,2.16
6/2/2022,3.40,1.48,2.19
6/3/2022,3.44,1.50,2.22
6/6/2022,3.44,1.49,2.22
6/7/2022,3.48,1.54,2.23
6/8/2022,3.48,1.54,2.28
6/9/2022,3.47,1.51,2.27
6/10/2022,3.36,1.48,2.26
6/13/2022,3.14,1.40,2.26
6/14/2022,3.20,1.40,2.22
6/15/2022,3.11,1.37,2.16
6/16/2022,2.87,1.30,2.20
6/17/2022,2.63,1.23,2.05
6/21/2022,2.75,1.29,2.07
6/22/2022,2.61,1.24,1.99
6/23/2022,2.48,1.19,1.95
6/24/2022,2.44,1.21,2.01
6/27/2022,2.62,1.25,2.05
6/28/2022,2.70,1.28,2.09
6/29/2022,2.53,1.24,2.05
6/30/2022,2.50,1.21,1.98
7/1/2022,2.50,1.23,2.03
7/5/2022,2.35,1.18,1.86
7/6/2022,2.31,1.16,1.84
7/7/2022,2.43,1.20,1.92
7/8/2022,2.47,1.20,1.96
7/11/2022,2.42,1.19,1.96
7/12/2022,2.36,1.17,1.79
7/13/2022,2.39,1.17,1.80
7/14/2022,2.33,1.15,1.79
7/15/2022,2.39,1.16,1.82
7/18/2022,2.48,1.19,1.92
7/19/2022,2.59,1.23,1.95
7/20/2022,2.62,1.24,1.91
7/21/2022,2.55,1.22,1.80
7/22/2022,2.50,1.21,1.77
7/25/2022,2.63,1.25,1.81
7/26/2022,2.57,1.24,1.78
7/27/2022,2.70,1.27,1.82
7/28/2022,2.74,1.28,1.80
7/29/2022,2.85,1.34,1.84
8/1/2022,2.79,1.31,1.76
8/2/2022,2.75,1.31,1.77
8/3/2022,2.57,1.27,1.70
8/4/2022,2.47,1.23,1.66
8/5/2022,2.57,1.25,1.66
8/8/2022,2.61,1.26,1.70
8/9/2022,2.68,1.28,1.69
8/10/2022,2.72,1.29,1.72
8/11/2022,2.92,1.33,1.76
8/12/2022,2.97,1.34,1.72
8/15/2022,2.88,1.32,1.67
8/16/2022,2.88,1.31,1.62
8/17/2022,2.91,1.32,1.65
8/18/2022,3.08,1.36,1.69
8/19/2022,3.11,1.36,1.70
8/22/2022,3.10,1.35,1.69
8/23/2022,3.22,1.40,1.75
8/24/2022,3.29,1.42,1.77
8/25/2022,3.34,1.43,1.73
8/26/2022,3.30,1.41,1.74
8/29/2022,3.36,1.43,1.81
8/30/2022,3.22,1.38,1.71
8/31/2022,3.20,1.37,1.67
9/1/2022,3.09,1.34,1.62
9/2/2022,3.19,1.37,1.62
9/6/2022,3.15,1.35,1.62
9/7/2022,3.10,1.34,1.53
9/8/2022,3.13,1.35,1.56
9/9/2022,3.18,1.38,1.62
9/12/2022,3.30,1.40,1.64
9/13/2022,3.21,1.37,1.63
9/14/2022,3.35,1.41,1.65
9/15/2022,3.22,1.37,1.59
9/16/2022,3.10,1.34,1.59
9/19/2022,3.06,1.34,1.60
9/20/2022,3.02,1.33,1.58
9/21/2022,2.99,1.31,1.55
9/22/2022,2.93,1.31,1.56
9/23/2022,2.68,1.22,1.47
9/26/2022,2.56,1.19,1.43
9/27/2022,2.61,1.20,1.47
9/28/2022,2.79,1.25,1.54
9/29/2022,2.83,1.25,1.52
9/30/2022,2.79,1.24,1.49
10/3/2022,3.03,1.31,1.56
10/4/2022,3.21,1.37,1.62
10/5/2022,3.29,1.39,1.64
10/6/2022,3.35,1.41,1.65
10/7/2022,3.34,1.40,1.73
10/10/2022,3.26,1.38,1.70
10/11/2022,3.18,1.37,1.67
10/12/2022,3.22,1.38,1.63
10/13/2022,3.35,1.43,1.67
10/14/2022,3.16,1.38,1.60
10/17/2022,3.24,1.39,1.60
10/18/2022,3.24,1.40,1.55
10/19/2022,3.34,1.44,1.60
10/20/2022,3.33,1.44,1.61
10/21/2022,3.45,1.48,1.59
10/24/2022,3.49,1.49,1.58
10/25/2022,3.50,1.49,1.60
10/26/2022,3.57,1.51,1.64
10/27/2022,3.55,1.51,1.67
10/28/2022,3.53,1.52,1.64
10/31/2022,3.59,1.53,1.62
11/1/2022,3.59,1.55,1.65
11/2/2022,3.13,1.51,1.68
11/3/2022,3.28,1.54,1.65
11/4/2022,3.32,1.56,1.73
11/7/2022,3.34,1.59,1.72
11/8/2022,3.34,1.59,1.66
11/9/2022,3.10,1.51,1.60
11/10/2022,3.20,1.55,1.62
11/11/2022,3.33,1.59,1.66
11/14/2022,3.32,1.58,1.61
11/15/2022,3.42,1.60,1.63
11/16/2022,3.31,1.57,1.60
11/17/2022,3.29,1.57,1.53
11/18/2022,3.23,1.55,1.50
11/21/2022,3.12,1.53,1.49
11/22/2022,3.18,1.58,1.51
11/23/2022,3.15,1.56,1.46
11/25/2022,3.17,1.56,1.43
11/28/2022,3.09,1.52,1.44
11/29/2022,3.13,1.54,1.46
11/30/2022,3.18,1.55,1.51
12/1/2022,3.17,1.54,1.52
12/2/2022,3.18,1.53,1.50
12/5/2022,3.09,1.48,1.44
12/6/2022,2.98,1.44,1.39
12/7/2022,2.98,1.44,1.35
12/8/2022,2.95,1.43,1.34
12/9/2022,2.83,1.40,1.33
12/12/2022,2.90,1.43,1.37
12/13/2022,2.94,1.46,1.41
12/14/2022,2.94,1.45,1.45
12/15/2022,2.92,1.44,1.42
12/16/2022,2.85,1.42,1.39
12/19/2022,2.81,1.42,1.41
12/20/2022,2.81,1.44,1.42
12/21/2022,2.93,1.47,1.46
12/22/2022,2.85,1.44,1.45
12/23/2022,2.96,1.48,1.49
12/27/2022,3.00,1.49,1.49
12/28/2022,2.89,1.46,1.48
12/29/2022,2.89,1.47,1.47
12/30/2022,2.92,1.48,1.50
1/3/2023,2.76,1.43,1.44
1/4/2023,2.79,1.43,1.36
1/5/2023,2.85,1.45,1.38
1/6/2023,2.90,1.48,1.38
1/9/2023,2.95,1.48,1.40
1/10/2023,2.99,1.49,1.40
1/11/2023,2.98,1.49,1.45
1/12/2023,3.04,1.52,1.47
1/13/2023,3.01,1.52,1.49
1/17/2023,3.01,1.53,1.50
1/18/2023,2.97,1.50,1.49
1/19/2023,3.04,1.51,1.50
1/20/2023,3.07,1.53,1.52
1/23/2023,3.12,1.53,1.53
1/24/2023,3.03,1.53,1.50
1/25/2023,3.04,1.53,1.50
1/26/2023,3.12,1.57,1.51
1/27/2023,3.09,1.55,1.49
1/30/2023,2.96,1.51,1.46
1/31/2023,3.00,1.53,1.47
2/1/2023,2.93,1.50,1.43
2/2/2023,2.89,1.46,1.42
2/3/2023,2.88,1.46,1.37
2/6/2023,2.85,1.45,1.39
2/7/2023,2.95,1.49,1.44
2/8/2023,2.91,1.48,1.47
2/9/2023,2.86,1.47,1.46
2/10/2023,3.01,1.52,1.49
2/13/2023,3.01,1.52,1.50
2/14/2023,3.03,1.52,1.48
2/15/2023,2.71,1.49,1.47
2/16/2023,2.64,1.47,1.47
2/17/2023,2.53,1.42,1.43
2/21/2023,2.55,1.42,1.42
2/22/2023,2.54,1.41,1.38
2/23/2023,2.61,1.43,1.41
2/24/2023,2.61,1.43,1.43
2/27/2023,2.58,1.43,1.42
2/28/2023,2.56,1.41,1.44
3/1/2023,2.60,1.44,1.45
3/2/2023,2.64,1.45,1.46
3/3/2023,2.69,1.47,1.49
3/6/2023,2.68,1.47,1.50
3/7/2023,2.61,1.45,1.45
3/8/2023,2.58,1.43,1.43
3/9/2023,2.51,1.41,1.42
3/10/2023,2.45,1.39,1.43
3/13/2023,2.37,1.36,1.40
3/14/2023,2.38,1.37,1.33
3/15/2023,2.18,1.30,1.26
3/16/2023,2.23,1.31,1.28
3/17/2023,2.23,1.29,1.25
3/20/2023,2.27,1.32,1.26
3/21/2023,2.37,1.36,1.30
3/22/2023,2.31,1.33,1.33
3/23/2023,2.26,1.32,1.31
3/24/2023,2.25,1.32,1.30
3/27/2023,2.32,1.35,1.36
3/28/2023,2.34,1.37,1.37
3/29/2023,2.40,1.39,1.36
3/30/2023,2.41,1.39,1.39
3/31/2023,2.44,1.40,1.41
4/3/2023,2.57,1.47,1.50
4/4/2023,2.55,1.44,1.51
4/5/2023,2.58,1.46,1.51
4/6/2023,2.55,1.44,1.51
4/10/2023,2.58,1.45,1.49
4/11/2023,2.62,1.46,1.52
4/12/2023,2.63,1.46,1.56
4/13/2023,2.67,1.47,1.54
4/14/2023,2.69,1.47,1.54
4/17/2023,2.67,1.46,1.51
4/18/2023,2.67,1.46,1.51
4/19/2023,2.65,1.46,1.48
4/20/2023,2.61,1.44,1.45
4/21/2023,2.59,1.44,1.46
4/24/2023,2.63,1.46,1.47
4/25/2023,2.57,1.43,1.44
4/26/2023,2.52,1.41,1.39
4/27/2023,2.52,1.42,1.40
4/28/2023,2.58,1.44,1.44
5/1/2023,2.57,1.42,1.41
5/2/2023,2.45,1.36,1.34
5/3/2023,2.37,1.33,1.28
5/4/2023,2.33,1.32,1.28
5/5/2023,2.43,1.36,1.33
5/8/2023,2.46,1.36,1.37
5/9/2023,2.37,1.36,1.38
5/10/2023,2.32,1.34,1.36
5/11/2023,2.28,1.33,1.33
5/12/2023,2.29,1.33,1.31
5/15/2023,2.30,1.34,1.33
5/16/2023,2.23,1.30,1.32
5/17/2023,2.30,1.33,1.36
5/18/2023,2.33,1.33,1.34
5/19/2023,2.37,1.34,1.34
5/22/2023,2.38,1.34,1.35
5/23/2023,2.37,1.35,1.36
5/24/2023,2.40,1.36,1.39
5/25/2023,2.31,1.33,1.34
5/26/2023,2.32,1.33,1.36
5/30/2023,2.27,1.32,1.30
5/31/2023,2.23,1.29,1.27
6/1/2023,2.26,1.31,1.31
6/2/2023,2.34,1.35,1.34
6/5/2023,2.33,1.34,1.35
6/6/2023,2.36,1.35,1.34
6/7/2023,2.42,1.38,1.36
6/8/2023,2.41,1.38,1.33
6/9/2023,2.41,1.37,1.31
6/12/2023,2.38,1.36,1.26
6/13/2023,2.43,1.36,1.30
6/14/2023,2.40,1.35,1.28
6/15/2023,2.43,1.36,1.32
6/16/2023,2.44,1.36,1.34
6/20/2023,2.36,1.33,1.32
6/21/2023,2.40,1.34,1.36
6/22/2023,2.34,1.33,1.30
6/23/2023,2.31,1.32,1.29
6/26/2023,2.34,1.34,1.30
6/27/2023,2.32,1.34,1.27
6/28/2023,2.34,1.35,1.30
6/29/2023,2.37,1.37,1.31
6/30/2023,2.37,1.38,1.32
7/3/2023,2.39,1.38,1.30
7/5/2023,2.38,1.38,1.34
7/6/2023,2.33,1.34,1.34
7/7/2023,2.39,1.37,1.38
7/10/2023,2.41,1.38,1.36
7/11/2023,2.48,1.41,1.40
7/12/2023,2.50,1.42,1.42
7/13/2023,2.50,1.42,1.44
7/14/2023,2.39,1.38,1.41
7/17/2023,2.40,1.38,1.39
7/18/2023,2.47,1.39,1.42
7/19/2023,2.48,1.40,1.41
7/20/2023,2.52,1.42,1.41
7/21/2023,2.56,1.43,1.44
7/24/2023,2.60,1.45,1.47
7/25/2023,2.61,1.46,1.49
7/26/2023,2.60,1.46,1.47
7/27/2023,2.56,1.45,1.50
7/28/2023,2.60,1.45,1.51
7/31/2023,2.64,1.48,1.53
8/1/2023,2.63,1.48,1.52
8/2/2023,2.44,1.45,1.49
8/3/2023,2.49,1.47,1.52
8/4/2023,2.49,1.47,1.55
8/7/2023,2.49,1.47,1.53
8/8/2023,2.49,1.48,1.55
8/9/2023,2.51,1.50,1.58
8/10/2023,2.49,1.50,1.55
8/11/2023,2.47,1.52,1.56
8/14/2023,2.46,1.52,1.54
8/15/2023,2.41,1.48,1.51
8/16/2023,2.38,1.47,1.48
8/17/2023,2.40,1.48,1.50
8/18/2023,2.45,1.49,1.52
8/21/2023,2.46,1.49,1.51
8/22/2023,2.44,1.48,1.50
8/23/2023,2.42,1.47,1.48
8/24/2023,2.39,1.46,1.48
8/25/2023,2.47,1.47,1.49
8/28/2023,2.48,1.48,1.50
8/29/2023,2.48,1.49,1.52
8/30/2023,2.48,1.50,1.53
8/31/2023,2.50,1.50,1.56
9/1/2023,2.59,1.53,1.60
9/5/2023,2.62,1.54,1.62
9/6/2023,2.62,1.54,1.64
9/7/2023,2.57,1.53,1.62
9/8/2023,2.58,1.55,1.64
9/11/2023,2.49,1.53,1.63
9/12/2023,2.52,1.56,1.66
9/13/2023,2.48,1.55,1.66
9/14/2023,2.52,1.57,1.69
9/15/2023,2.46,1.55,1.70
9/18/2023,2.45,1.56,1.71
9/19/2023,2.42,1.54,1.71
9/20/2023,2.37,1.53,1.69
9/21/2023,2.29,1.51,1.68
9/22/2023,2.30,1.51,1.68
9/25/2023,2.35,1.53,1.68
9/26/2023,2.32,1.52,1.69
9/27/2023,2.42,1.56,1.75
9/28/2023,2.41,1.56,1.71
9/29/2023,2.36,1.53,1.70
10/2/2023,2.26,1.50,1.66
10/3/2023,2.26,1.50,1.67
10/4/2023,2.14,1.45,1.57
10/5/2023,2.12,1.44,1.54
10/6/2023,2.16,1.45,1.55
10/9/2023,2.28,1.50,1.62
10/10/2023,2.28,1.50,1.61
10/11/2023,2.31,1.49,1.56
10/12/2023,2.31,1.49,1.55
10/13/2023,2.39,1.52,1.64
10/16/2023,2.44,1.53,1.62
10/17/2023,2.47,1.54,1.62
10/18/2023,2.48,1.56,1.65
10/19/2023,2.44,1.55,1.67
10/20/2023,2.39,1.53,1.66
10/23/2023,2.36,1.50,1.60
10/24/2023,2.35,1.48,1.57
10/25/2023,2.37,1.48,1.60
10/26/2023,2.33,1.47,1.56
10/27/2023,2.31,1.44,1.60
10/30/2023,2.28,1.44,1.54
10/31/2023,2.30,1.45,1.51
11/1/2023,2.28,1.44,1.50
11/2/2023,2.34,1.49,1.54
11/3/2023,2.34,1.47,1.51
11/6/2023,2.31,1.45,1.51
11/7/2023,2.24,1.42,1.45
11/8/2023,2.18,1.40,1.41
11/9/2023,2.18,1.40,1.42
11/10/2023,2.26,1.41,1.44
11/13/2023,2.25,1.42,1.46
11/14/2023,2.26,1.43,1.46
11/15/2023,2.25,1.43,1.43
11/16/2023,2.19,1.40,1.36
11/17/2023,2.24,1.43,1.42
11/20/2023,2.26,1.43,1.45
11/21/2023,2.24,1.43,1.45
11/22/2023,2.23,1.42,1.44
11/24/2023,2.24,1.43,1.41
11/27/2023,2.22,1.42,1.40
11/28/2023,2.22,1.42,1.43
11/29/2023,2.22,1.41,1.46
11/30/2023,2.22,1.42,1.42
12/1/2023,2.23,1.43,1.39
12/4/2023,2.21,1.42,1.37
12/5/2023,2.16,1.40,1.35
12/6/2023,2.14,1.37,1.30
12/7/2023,2.15,1.36,1.30
12/8/2023,2.18,1.38,1.33
12/11/2023,2.20,1.38,1.33
12/12/2023,2.14,1.36,1.28
12/13/2023,2.19,1.38,1.30
12/14/2023,2.26,1.42,1.34
12/15/2023,2.26,1.41,1.34
12/18/2023,2.28,1.42,1.36
12/19/2023,2.30,1.44,1.37
12/20/2023,2.28,1.43,1.39
12/21/2023,2.31,1.43,1.38
12/22/2023,2.31,1.44,1.38
12/26/2023,2.35,1.45,1.41
12/27/2023,2.34,1.44,1.39
12/28/2023,2.30,1.42,1.34
12/29/2023,2.28,1.42,1.34
1/2/2024,2.31,1.43,1.32
1/3/2024,2.36,1.45,1.36
1/4/2024,2.30,1.43,1.35
1/5/2024,2.31,1.43,1.38
1/8/2024,2.29,1.42,1.32
1/9/2024,2.25,1.39,1.35
1/10/2024,2.21,1.38,1.33
1/11/2024,2.19,1.38,1.35
1/12/2024,2.15,1.40,1.36
1/16/2024,2.10,1.36,1.35
1/17/2024,2.07,1.35,1.36
1/18/2024,2.07,1.35,1.39
1/19/2024,2.06,1.35,1.37
1/22/2024,2.07,1.36,1.41
1/23/2024,2.08,1.36,1.39
1/24/2024,2.09,1.38,1.40
1/25/2024,2.14,1.41,1.45
1/26/2024,2.14,1.42,1.46
1/29/2024,2.15,1.42,1.44
1/30/2024,2.18,1.43,1.46
1/31/2024,2.11,1.40,1.42
2/1/2024,2.10,1.40,1.38
2/2/2024,2.08,1.40,1.35
2/5/2024,2.05,1.40,1.36
2/6/2024,2.07,1.40,1.37
2/7/2024,2.08,1.41,1.38
2/8/2024,2.13,1.42,1.43
2/9/2024,2.09,1.40,1.44
2/12/2024,2.13,1.42,1.44
2/13/2024,2.11,1.40,1.46
2/14/2024,2.11,1.40,1.43
2/15/2024,2.17,1.43,1.46
2/16/2024,2.19,1.43,1.48
2/20/2024,2.18,1.42,1.46
2/21/2024,2.22,1.45,1.46
2/22/2024,2.21,1.45,1.47
2/23/2024,2.21,1.44,1.43
2/26/2024,2.21,1.44,1.45
2/27/2024,2.23,1.44,1.47
2/28/2024,2.22,1.43,1.47
2/29/2024,2.22,1.44,1.46
3/1/2024,2.23,1.46,1.50
3/4/2024,2.23,1.44,1.47
3/5/2024,2.27,1.45,1.46
3/6/2024,2.29,1.46,1.48
3/7/2024,2.31,1.47,1.48
3/8/2024,2.32,1.48,1.46
3/11/2024,2.35,1.49,1.46
3/12/2024,2.34,1.49,1.45
3/13/2024,2.39,1.51,1.49
3/14/2024,2.43,1.52,1.52
3/15/2024,2.42,1.53,1.52
3/18/2024,2.41,1.53,1.55
3/19/2024,2.46,1.55,1.56
3/20/2024,2.47,1.55,1.53
3/21/2024,2.47,1.56,1.52
3/22/2024,2.46,1.56,1.51
3/25/2024,2.49,1.57,1.53
3/26/2024,2.48,1.56,1.53
3/27/2024,2.51,1.57,1.52
3/28/2024,2.55,1.59,1.56
4/1/2024,2.59,1.60,1.57
4/2/2024,2.62,1.62,1.59
4/3/2024,2.68,1.63,1.60
4/4/2024,2.67,1.63,1.62
4/5/2024,2.71,1.65,1.63
4/8/2024,2.71,1.64,1.62
4/9/2024,2.75,1.64,1.59
4/10/2024,2.77,1.65,1.61
4/11/2024,2.74,1.65,1.59
4/12/2024,2.71,1.62,1.60
4/15/2024,2.68,1.60,1.60
4/16/2024,2.65,1.59,1.60
4/17/2024,2.62,1.59,1.55
4/18/2024,2.61,1.58,1.55
4/19/2024,2.63,1.60,1.55
4/22/2024,2.65,1.61,1.55
4/23/2024,2.67,1.62,1.56
4/24/2024,2.65,1.62,1.55
4/25/2024,2.67,1.63,1.56
4/26/2024,2.68,1.61,1.57
4/29/2024,2.70,1.63,1.55
4/30/2024,2.60,1.58,1.53
5/1/2024,2.56,1.55,1.48
5/2/2024,2.56,1.56,1.48
5/3/2024,2.57,1.56,1.46
5/6/2024,2.58,1.58,1.47
5/7/2024,2.59,1.57,1.47
5/8/2024,2.57,1.57,1.48
5/9/2024,2.58,1.59,1.48
5/10/2024,2.55,1.58,1.46
5/13/2024,2.53,1.58,1.48
5/14/2024,2.53,1.58,1.46
5/15/2024,2.53,1.58,1.47
5/16/2024,2.50,1.57,1.48
5/17/2024,2.52,1.60,1.50
5/20/2024,2.54,1.59,1.49
5/21/2024,2.53,1.58,1.48
5/22/2024,2.48,1.56,1.45
5/23/2024,2.45,1.54,1.44
5/24/2024,2.45,1.54,1.45
5/28/2024,2.48,1.56,1.49
5/29/2024,2.40,1.53,1.48
5/30/2024,2.42,1.54,1.46
5/31/2024,2.49,1.57,1.44
6/3/2024,2.39,1.53,1.39
6/4/2024,2.37,1.52,1.37