,Exchange_Ratio,WTI,CNAME
6/4/2019,0.34,$53.48,$10.79
6/5/2019,0.34,$51.68,$10.58
6/6/2019,0.34,$52.59,$10.64
6/7/2019,0.34,$53.99,$10.67
6/10/2019,0.34,$53.26,$10.85
6/11/2019,0.34,$53.27,$10.84
6/12/2019,0.33,$51.14,$10.58
6/13/2019,0.34,$52.28,$10.85
6/14/2019,0.34,$52.51,$10.70
6/17/2019,0.34,$51.93,$10.96
6/18/2019,0.35,$53.90,$11.17
6/19/2019,0.35,$53.76,$11.17
6/20/2019,0.36,$56.65,$11.65
6/21/2019,0.36,$57.43,$11.73
6/24/2019,0.35,$57.90,$11.59
6/25/2019,0.36,$57.83,$11.59
6/26/2019,0.37,$59.38,$11.93
6/27/2019,0.36,$59.43,$11.75
6/28/2019,0.36,$58.47,$11.84
7/1/2019,0.37,$59.09,$12.00
7/2/2019,0.36,$56.25,$11.43
7/3/2019,0.35,$57.34,$11.43
7/5/2019,0.36,$57.51,$11.58
7/8/2019,0.36,$57.66,$11.60
7/9/2019,0.36,$57.83,$11.66
7/10/2019,0.36,$60.43,$11.97
7/11/2019,0.36,$60.20,$11.90
7/12/2019,0.36,$60.21,$11.90
7/15/2019,0.35,$59.58,$11.48
7/16/2019,0.34,$57.62,$11.13
7/17/2019,0.34,$56.78,$10.77
7/18/2019,0.34,$55.30,$10.67
7/19/2019,0.34,$55.63,$10.94
7/22/2019,0.34,$56.22,$10.97
7/23/2019,0.34,$56.77,$10.88
7/24/2019,0.34,$55.88,$10.72
7/25/2019,0.33,$56.02,$10.34
7/26/2019,0.33,$56.20,$10.32
7/29/2019,0.33,$56.87,$10.32
7/30/2019,0.35,$58.05,$10.86
7/31/2019,0.35,$58.58,$10.91
8/1/2019,0.34,$53.95,$10.17
8/2/2019,0.34,$55.66,$10.12
8/5/2019,0.33,$54.69,$9.73
8/6/2019,0.33,$53.63,$9.79
8/7/2019,0.33,$51.09,$9.77
8/8/2019,0.33,$52.54,$9.88
8/9/2019,0.33,$54.50,$9.72
8/12/2019,0.33,$54.93,$9.50
8/13/2019,0.32,$57.10,$9.55
8/14/2019,0.31,$55.23,$8.90
8/15/2019,0.31,$54.47,$8.74
8/16/2019,0.32,$54.87,$9.11
8/19/2019,0.32,$56.21,$9.41
8/20/2019,0.33,$56.34,$9.44
8/21/2019,0.32,$55.68,$9.45
8/22/2019,0.32,$55.35,$9.31
8/23/2019,0.31,$54.17,$8.76
8/26/2019,0.31,$53.64,$8.72
8/27/2019,0.31,$54.93,$8.63
8/28/2019,0.31,$55.78,$8.86
8/29/2019,0.32,$56.71,$9.11
8/30/2019,0.31,$55.10,$8.89
9/3/2019,0.31,$53.94,$8.93
9/4/2019,0.32,$56.26,$9.23
9/5/2019,0.32,$56.30,$9.50
9/6/2019,0.32,$56.52,$9.44
9/9/2019,0.33,$57.85,$9.96
9/10/2019,0.33,$57.40,$9.93
9/11/2019,0.33,$55.75,$10.09
9/12/2019,0.33,$55.09,$9.93
9/13/2019,0.33,$54.85,$10.13
9/16/2019,0.37,$62.90,$11.37
9/17/2019,0.35,$59.34,$10.78
9/18/2019,0.35,$58.11,$10.71
9/19/2019,0.35,$58.13,$10.49
9/20/2019,0.35,$58.09,$10.55
9/23/2019,0.35,$58.64,$10.44
9/24/2019,0.34,$57.29,$9.99
9/25/2019,0.34,$56.49,$9.99
9/26/2019,0.33,$56.41,$9.87
9/27/2019,0.33,$55.91,$9.80
9/30/2019,0.33,$54.07,$9.31
10/1/2019,0.32,$53.62,$8.96
10/2/2019,0.32,$52.64,$8.53
10/3/2019,0.32,$52.45,$8.77
10/4/2019,0.32,$52.81,$8.75
10/7/2019,0.31,$52.75,$8.47
10/8/2019,0.30,$52.63,$8.09
10/9/2019,0.30,$52.59,$8.15
10/10/2019,0.30,$53.55,$8.06
10/11/2019,0.30,$54.70,$8.23
10/14/2019,0.29,$53.59,$8.11
10/15/2019,0.29,$52.81,$8.12
10/16/2019,0.29,$53.36,$7.99
10/17/2019,0.29,$53.93,$7.89
10/18/2019,0.28,$53.78,$7.66
10/21/2019,0.29,$53.31,$7.83
10/22/2019,0.29,$54.16,$8.00
10/23/2019,0.30,$55.97,$8.18
10/24/2019,0.30,$56.23,$8.24
10/25/2019,0.30,$56.66,$8.25
10/28/2019,0.30,$55.81,$8.09
10/29/2019,0.30,$55.54,$8.22
10/30/2019,0.29,$55.06,$7.78
10/31/2019,0.29,$54.18,$7.79
11/1/2019,0.29,$56.20,$8.13
11/4/2019,0.30,$56.54,$8.67
11/5/2019,0.30,$57.23,$8.83
11/6/2019,0.30,$56.35,$8.48
11/7/2019,0.30,$57.15,$8.71
11/8/2019,0.31,$57.24,$8.80
11/11/2019,0.31,$56.86,$8.65
11/12/2019,0.31,$56.80,$8.59
11/13/2019,0.30,$57.12,$8.30
11/14/2019,0.31,$56.77,$8.39
11/15/2019,0.31,$57.72,$8.67
11/18/2019,0.31,$57.05,$8.43
11/19/2019,0.30,$55.21,$8.25
11/20/2019,0.31,$57.11,$8.43
11/21/2019,0.31,$58.58,$8.75
11/22/2019,0.31,$57.77,$8.75
11/25/2019,0.32,$58.01,$8.73
11/26/2019,0.31,$58.41,$8.55
11/27/2019,0.31,$58.11,$8.65
11/29/2019,0.31,$55.17,$8.41
12/2/2019,0.31,$55.96,$8.38
12/3/2019,0.30,$56.10,$8.22
12/4/2019,0.31,$58.43,$8.60
12/5/2019,0.31,$58.43,$8.48
12/6/2019,0.32,$59.20,$8.89
12/9/2019,0.32,$59.02,$8.89
12/10/2019,0.32,$59.24,$9.00
12/11/2019,0.32,$58.76,$9.00
12/12/2019,0.33,$59.18,$9.21
12/13/2019,0.33,$60.07,$9.02
12/16/2019,0.33,$60.21,$9.16
12/17/2019,0.33,$60.94,$9.28
12/18/2019,0.34,$60.93,$9.49
12/19/2019,0.35,$61.22,$9.64
12/20/2019,0.35,$60.44,$9.78
12/23/2019,0.36,$60.52,$10.07
12/24/2019,0.36,$61.11,$10.19
12/26/2019,0.36,$61.68,$10.12
12/27/2019,0.35,$61.72,$9.88
12/30/2019,0.35,$61.68,$9.81
12/31/2019,0.36,$61.06,$9.98
1/2/2020,0.35,$61.18,$9.91
1/3/2020,0.36,$63.05,$10.03
1/6/2020,0.36,$63.27,$10.14
1/7/2020,0.36,$62.70,$10.17
1/8/2020,0.35,$59.61,$9.81
1/9/2020,0.36,$59.56,$9.93
1/10/2020,0.35,$59.04,$9.64
1/13/2020,0.35,$58.08,$9.74
1/14/2020,0.36,$58.23,$10.07
1/15/2020,0.36,$57.81,$10.08
1/16/2020,0.37,$58.52,$10.16
1/17/2020,0.36,$58.54,$9.93
1/21/2020,0.36,$58.34,$9.60
1/22/2020,0.35,$56.74,$9.33
1/23/2020,0.35,$55.59,$9.37
1/24/2020,0.35,$54.19,$9.20
1/27/2020,0.34,$53.14,$8.69
1/28/2020,0.34,$53.48,$8.73
1/29/2020,0.33,$53.33,$8.52
1/30/2020,0.33,$52.14,$8.64
1/31/2020,0.34,$51.56,$8.34
2/3/2020,0.33,$50.11,$8.14
2/4/2020,0.35,$49.61,$8.40
2/5/2020,0.36,$50.75,$8.96
2/6/2020,0.36,$50.95,$8.86
2/7/2020,0.36,$50.32,$8.80
2/10/2020,0.36,$49.57,$8.63
2/11/2020,0.36,$49.94,$8.69
2/12/2020,0.36,$51.17,$8.91
2/13/2020,0.36,$51.42,$8.92
2/14/2020,0.36,$52.05,$8.74
2/18/2020,0.35,$52.05,$8.49
2/19/2020,0.36,$53.29,$8.70
2/20/2020,0.35,$53.78,$8.48
2/21/2020,0.34,$53.38,$8.03
2/24/2020,0.32,$51.43,$7.34
2/25/2020,0.31,$49.90,$6.81
2/26/2020,0.30,$48.73,$6.40
2/27/2020,0.30,$47.09,$6.00
2/28/2020,0.30,$44.76,$6.22
3/2/2020,0.29,$46.75,$6.25
3/3/2020,0.29,$47.18,$6.05
3/4/2020,0.29,$46.78,$6.23
3/5/2020,0.30,$45.90,$6.11
3/6/2020,0.27,$41.28,$5.12
3/9/2020,0.19,$31.13,$3.21
3/10/2020,0.20,$34.36,$3.45
3/11/2020,0.19,$32.98,$3.22
3/12/2020,0.19,$31.50,$2.78
3/13/2020,0.22,$31.73,$3.33
3/16/2020,0.21,$28.70,$2.90
3/17/2020,0.17,$26.95,$2.47
3/18/2020,0.16,$20.37,$2.07
3/19/2020,0.18,$25.22,$2.51
3/20/2020,0.18,$22.43,$2.33
3/23/2020,0.19,$23.36,$2.37
3/24/2020,0.20,$24.01,$2.84
3/25/2020,0.18,$24.49,$2.74
3/26/2020,0.18,$22.60,$2.82
3/27/2020,0.16,$21.51,$2.41
3/30/2020,0.16,$20.09,$2.43
3/31/2020,0.17,$20.48,$2.65
4/1/2020,0.17,$20.31,$2.60
4/2/2020,0.18,$25.32,$2.98
4/3/2020,0.20,$28.34,$3.21
4/6/2020,0.21,$26.08,$3.37
4/7/2020,0.20,$23.63,$3.34
4/8/2020,0.21,$25.09,$3.60
4/9/2020,0.21,$22.76,$3.70
4/13/2020,0.22,$22.41,$3.73
4/14/2020,0.21,$20.11,$3.50
4/15/2020,0.20,$19.87,$3.33
4/16/2020,0.20,$19.87,$3.11
4/17/2020,0.20,$18.27,$3.54
4/20/2020,0.21,-$37.63,$3.52
4/21/2020,0.21,$10.01,$3.48
4/22/2020,0.22,$13.78,$3.73
4/23/2020,0.23,$16.50,$4.05
4/24/2020,0.23,$16.94,$4.03
4/27/2020,0.23,$12.78,$4.12
4/28/2020,0.23,$12.34,$4.20
4/29/2020,0.25,$15.06,$4.83
4/30/2020,0.26,$18.84,$4.77
5/1/2020,0.25,$19.78,$4.27
5/4/2020,0.24,$20.39,$4.37
5/5/2020,0.24,$24.56,$4.28
5/6/2020,0.25,$23.99,$4.40
5/7/2020,0.26,$23.55,$4.60
5/8/2020,0.26,$24.74,$4.86
5/11/2020,0.26,$24.14,$4.77
5/12/2020,0.26,$25.78,$4.75
5/13/2020,0.26,$25.29,$4.41
5/14/2020,0.26,$27.56,$4.46
5/15/2020,0.27,$29.43,$4.57
5/18/2020,0.27,$31.82,$5.02
5/19/2020,0.26,$32.50,$4.71
5/20/2020,0.26,$33.49,$4.75
5/21/2020,0.26,$33.92,$4.70
5/22/2020,0.26,$33.25,$4.65
5/26/2020,0.25,$34.35,$4.71
5/27/2020,0.25,$32.81,$4.76
5/28/2020,0.24,$33.71,$4.46
5/29/2020,0.22,$35.49,$4.14
6/1/2020,0.24,$35.44,$4.48
6/2/2020,0.24,$36.81,$4.65
6/3/2020,0.24,$37.29,$4.79
6/4/2020,0.24,$37.41,$4.87
6/5/2020,0.26,$39.55,$5.59
6/8/2020,0.27,$38.19,$6.03
6/9/2020,0.26,$38.94,$5.57
6/10/2020,0.25,$39.60,$5.23
6/11/2020,0.25,$36.34,$4.67
6/12/2020,0.26,$36.26,$4.90
6/15/2020,0.26,$37.12,$4.93
6/16/2020,0.26,$38.38,$5.09
6/17/2020,0.26,$37.96,$4.84
6/18/2020,0.26,$38.84,$4.96
6/19/2020,0.27,$39.75,$4.96
6/22/2020,0.26,$40.46,$4.86
6/23/2020,0.25,$40.37,$4.74
6/24/2020,0.24,$38.01,$4.31
6/25/2020,0.25,$38.72,$4.48
6/26/2020,0.24,$38.49,$4.19
6/29/2020,0.24,$39.70,$4.26
6/30/2020,0.24,$39.27,$4.34
7/1/2020,0.24,$39.82,$4.25
7/2/2020,0.24,$40.65,$4.30
7/6/2020,0.24,$40.63,$4.27
7/7/2020,0.23,$40.62,$3.96
7/8/2020,0.23,$40.90,$3.97
7/9/2020,0.22,$39.62,$3.75
7/10/2020,0.23,$40.55,$3.90
7/13/2020,0.22,$40.10,$3.81
7/14/2020,0.22,$40.29,$3.99
7/15/2020,0.23,$41.20,$4.11
7/16/2020,0.23,$40.75,$4.09
7/17/2020,0.22,$40.59,$3.94
7/20/2020,0.23,$40.81,$3.93
7/21/2020,0.24,$41.96,$4.35
7/22/2020,0.24,$41.90,$4.24
7/23/2020,0.24,$41.07,$4.17
7/24/2020,0.23,$41.29,$4.10
7/27/2020,0.22,$41.60,$3.99
7/28/2020,0.22,$41.04,$3.96
7/29/2020,0.23,$41.27,$4.15
7/30/2020,0.23,$39.92,$3.96
7/31/2020,0.24,$40.27,$4.02
8/3/2020,0.24,$41.01,$4.06
8/4/2020,0.24,$41.70,$4.25
8/5/2020,0.26,$42.19,$4.61
8/6/2020,0.26,$41.95,$4.51
8/7/2020,0.26,$41.22,$4.64
8/10/2020,0.27,$41.94,$4.84
8/11/2020,0.26,$41.61,$4.73
8/12/2020,0.26,$42.67,$4.79
8/13/2020,0.26,$42.24,$4.53
8/14/2020,0.27,$42.01,$4.64
8/17/2020,0.26,$42.89,$4.49
8/18/2020,0.25,$42.89,$4.34
8/19/2020,0.25,$42.93,$4.25
8/20/2020,0.25,$42.58,$4.09
8/21/2020,0.24,$42.34,$4.00
8/24/2020,0.24,$42.62,$4.13
8/25/2020,0.25,$43.35,$4.20
8/26/2020,0.25,$43.39,$4.10
8/27/2020,0.26,$43.04,$4.12
8/28/2020,0.26,$42.97,$4.25
8/31/2020,0.26,$42.61,$4.16
9/1/2020,0.26,$42.76,$4.18
9/2/2020,0.26,$41.51,$4.08
9/3/2020,0.25,$41.37,$4.01
9/4/2020,0.26,$39.77,$4.04
9/8/2020,0.24,$36.76,$3.68
9/9/2020,0.24,$38.05,$3.67
9/10/2020,0.23,$37.30,$3.40
9/11/2020,0.23,$37.33,$3.43
9/14/2020,0.24,$37.26,$3.49
9/15/2020,0.24,$38.28,$3.53
9/16/2020,0.25,$40.16,$3.74
9/17/2020,0.25,$40.97,$3.81
9/18/2020,0.25,$41.11,$3.74
9/21/2020,0.24,$39.31,$3.55
9/22/2020,0.25,$39.60,$3.52
9/23/2020,0.24,$39.93,$3.32
9/24/2020,0.25,$40.31,$3.43
9/25/2020,0.24,$40.25,$3.38
9/28/2020,0.27,$40.60,$3.75
9/29/2020,0.27,$39.29,$3.66
9/30/2020,0.26,$40.22,$3.62
10/1/2020,0.26,$38.72,$3.48
10/2/2020,0.28,$37.05,$3.67
10/5/2020,0.29,$39.22,$3.88
10/6/2020,0.28,$40.67,$3.72
10/7/2020,0.28,$39.95,$3.78
10/8/2020,0.28,$41.19,$3.95
10/9/2020,0.28,$40.60,$3.85
10/12/2020,0.27,$39.43,$3.77
10/13/2020,0.27,$40.20,$3.63
10/14/2020,0.26,$41.04,$3.57
10/15/2020,0.26,$40.96,$3.60
10/16/2020,0.25,$40.88,$3.42
10/19/2020,0.25,$40.83,$3.39
10/20/2020,0.26,$41.46,$3.43
10/21/2020,0.25,$40.03,$3.30
10/22/2020,0.26,$40.64,$3.57
10/23/2020,0.26,$39.85,$3.58
10/26/2020,0.25,$38.56,$3.37
10/27/2020,0.25,$39.57,$3.32
10/28/2020,0.25,$37.39,$3.10
10/29/2020,0.25,$36.17,$3.23
10/30/2020,0.26,$35.79,$3.42
11/2/2020,0.27,$36.81,$3.61
11/3/2020,0.28,$37.66,$3.69
11/4/2020,0.28,$39.15,$3.75
11/5/2020,0.29,$38.79,$3.84
11/6/2020,0.29,$37.14,$3.74
11/9/2020,0.29,$40.29,$4.33
11/10/2020,0.30,$41.36,$4.50
11/11/2020,0.30,$41.45,$4.46
11/12/2020,0.30,$41.12,$4.29
11/13/2020,0.31,$40.13,$4.51
11/16/2020,0.31,$41.34,$4.79
11/17/2020,0.32,$41.43,$5.01
11/18/2020,0.32,$41.82,$4.88
11/19/2020,0.34,$41.74,$5.19
11/20/2020,0.33,$42.15,$5.03
11/23/2020,0.35,$43.06,$5.54
11/24/2020,0.34,$44.91,$5.85
11/25/2020,0.35,$45.71,$5.78
11/27/2020,0.34,$45.53,$5.65
11/30/2020,0.34,$45.34,$5.35
12/1/2020,0.34,$44.55,$5.36
12/2/2020,0.35,$45.28,$5.66
12/3/2020,0.36,$45.64,$5.86
12/4/2020,0.38,$46.26,$6.40
12/7/2020,0.37,$45.76,$6.10
12/8/2020,0.35,$45.60,$6.11
12/9/2020,0.34,$45.52,$6.01
12/10/2020,0.36,$46.78,$6.34
12/11/2020,0.35,$46.57,$6.18
12/14/2020,0.34,$46.99,$5.88
12/15/2020,0.35,$47.62,$6.04
12/16/2020,0.34,$47.82,$6.09
12/17/2020,0.35,$48.36,$6.16
12/18/2020,0.35,$49.10,$5.98
12/21/2020,0.34,$47.74,$5.85
12/22/2020,0.34,$47.02,$5.67
12/23/2020,0.35,$48.12,$5.99
12/24/2020,0.35,$48.23,$5.86
12/28/2020,0.35,$47.62,$5.87
12/29/2020,0.35,$48.00,$5.86
12/30/2020,0.37,$48.40,$6.17
12/31/2020,0.36,$48.52,$6.05
1/4/2021,0.37,$47.62,$6.17
1/5/2021,0.38,$49.93,$6.64
1/6/2021,0.39,$50.63,$7.01
1/7/2021,0.39,$50.83,$12.48
1/8/2021,0.38,$52.24,$12.18
1/11/2021,0.37,$52.25,$12.32
1/12/2021,0.39,$53.21,$13.25
1/13/2021,0.37,$52.91,$12.86
1/14/2021,0.38,$53.57,$13.63
1/15/2021,0.39,$52.36,$13.16
1/19/2021,0.39,$52.98,$13.45
1/20/2021,0.38,$53.24,$13.43
1/21/2021,0.36,$53.13,$12.36
1/22/2021,0.35,$52.27,$11.97
1/25/2021,0.35,$52.77,$11.68
1/26/2021,0.35,$52.61,$11.33
1/27/2021,0.36,$52.85,$11.57
1/28/2021,0.35,$52.34,$11.56
1/29/2021,0.35,$52.20,$11.07
2/1/2021,0.35,$53.55,$11.27
2/2/2021,0.35,$54.76,$11.40
2/3/2021,0.36,$55.69,$12.24
2/4/2021,0.35,$56.23,$12.20
2/5/2021,0.34,$56.85,$12.03
2/8/2021,0.34,$57.97,$12.61
2/9/2021,0.35,$58.36,$12.69
2/10/2021,0.36,$58.68,$13.26
2/11/2021,0.36,$58.24,$12.98
2/12/2021,0.37,$59.47,$13.43
2/16/2021,0.37,$60.05,$14.03
2/17/2021,0.38,$61.14,$14.63
2/18/2021,0.37,$60.52,$13.83
2/19/2021,0.37,$59.24,$14.02
2/22/2021,0.36,$61.49,$14.30
2/23/2021,0.36,$61.67,$14.53
2/24/2021,0.36,$63.22,$14.99
2/25/2021,0.36,$63.53,$14.37
2/26/2021,0.37,$61.50,$14.50
3/1/2021,0.37,$60.64,$15.08
3/2/2021,0.37,$59.75,$15.13
3/3/2021,0.37,$61.28,$15.27
3/4/2021,0.37,$63.83,$15.90
3/5/2021,0.39,$66.09,$17.24
3/8/2021,0.37,$65.05,$16.54
3/9/2021,0.37,$64.01,$16.04
3/10/2021,0.36,$64.44,$16.09
3/11/2021,0.37,$66.02,$16.58
3/12/2021,0.37,$65.61,$16.32
3/15/2021,0.38,$65.39,$16.56
3/16/2021,0.37,$64.80,$15.82
3/17/2021,0.38,$64.60,$15.94
3/18/2021,0.37,$60.00,$15.05
3/19/2021,0.38,$61.42,$15.28
3/22/2021,0.38,$61.55,$15.03
3/23/2021,0.37,$57.76,$14.63
3/24/2021,0.37,$61.18,$15.04
3/25/2021,0.37,$58.56,$15.04
3/26/2021,0.37,$60.97,$15.31
3/29/2021,0.36,$61.56,$14.71
3/30/2021,0.36,$60.55,$14.81
3/31/2021,0.37,$59.16,$14.71
4/1/2021,0.39,$61.45,$15.82
4/5/2021,0.37,$58.65,$15.12
4/6/2021,0.38,$59.33,$15.33
4/7/2021,0.37,$59.77,$15.16
4/8/2021,0.38,$59.60,$15.04
4/9/2021,0.37,$59.32,$14.83
4/12/2021,0.37,$59.70,$14.73
4/13/2021,0.37,$60.18,$14.60
4/14/2021,0.37,$63.15,$15.14
4/15/2021,0.37,$63.46,$15.06
4/16/2021,0.36,$63.13,$14.73
4/19/2021,0.37,$63.38,$14.83
4/20/2021,0.36,$62.44,$14.11
4/21/2021,0.36,$61.35,$14.25
4/22/2021,0.36,$61.43,$14.13
4/23/2021,0.36,$62.14,$14.43
4/26/2021,0.37,$61.91,$14.72
4/27/2021,0.37,$62.94,$14.90
4/28/2021,0.39,$63.86,$16.17
4/29/2021,0.38,$65.01,$16.20
4/30/2021,0.38,$63.58,$15.83
5/3/2021,0.38,$64.49,$15.99
5/4/2021,0.37,$65.69,$15.87
5/5/2021,0.39,$65.63,$17.08
5/6/2021,0.39,$64.71,$17.11
5/7/2021,0.39,$64.90,$17.75
5/10/2021,0.39,$64.92,$17.61
5/11/2021,0.40,$65.28,$17.42
5/12/2021,0.39,$66.08,$17.32
5/13/2021,0.39,$63.82,$16.75
5/14/2021,0.40,$65.37,$17.86
5/17/2021,0.41,$66.27,$18.40
5/18/2021,0.40,$65.49,$17.76
5/19/2021,0.40,$63.36,$17.11
5/20/2021,0.40,$62.05,$17.10
5/21/2021,0.40,$63.58,$17.16
5/24/2021,0.40,$66.05,$17.57
5/25/2021,0.41,$66.07,$17.46
5/26/2021,0.42,$66.21,$17.88
5/27/2021,0.42,$66.85,$18.04
5/28/2021,0.42,$66.32,$17.98
6/1/2021,0.46,$67.72,$20.44
6/2/2021,0.47,$68.83,$20.85
6/3/2021,0.47,$68.81,$21.10
6/4/2021,0.48,$69.62,$21.43
6/7/2021,0.47,$69.23,$20.93
6/8/2021,0.46,$70.05,$20.88
6/9/2021,0.44,$69.96,$20.26
6/10/2021,0.43,$70.29,$19.89
6/11/2021,0.44,$70.91,$19.83
6/14/2021,0.44,$70.88,$19.62
6/15/2021,0.43,$72.12,$20.04
6/16/2021,0.43,$72.15,$19.67
6/17/2021,0.42,$71.04,$18.68
6/18/2021,0.42,$71.64,$18.11
6/21/2021,0.43,$73.66,$19.36
6/22/2021,0.42,$73.06,$19.32
6/23/2021,0.42,$73.08,$19.70
6/24/2021,0.43,$73.30,$20.13
6/25/2021,0.43,$74.05,$20.14
6/28/2021,0.42,$72.91,$19.23
6/29/2021,0.42,$72.98,$18.97
6/30/2021,0.43,$73.47,$19.76
7/1/2021,0.44,$75.23,$20.28
7/2/2021,0.43,$75.16,$19.79
7/6/2021,0.43,$73.37,$18.84
7/7/2021,0.43,$72.20,$18.64
7/8/2021,0.43,$72.94,$18.79
7/9/2021,0.44,$74.56,$19.39
7/12/2021,0.44,$74.10,$19.43
7/13/2021,0.45,$75.25,$19.61
7/14/2021,0.43,$73.13,$18.48
7/15/2021,0.42,$71.65,$18.04
7/16/2021,0.42,$71.81,$17.45
7/19/2021,0.42,$66.42,$16.88
7/20/2021,0.42,$67.42,$17.15
7/21/2021,0.43,$70.30,$17.83
7/22/2021,0.43,$71.91,$17.60
7/23/2021,0.42,$72.07,$17.34
7/26/2021,0.43,$71.91,$18.04
7/27/2021,0.42,$71.65,$17.56
7/28/2021,0.43,$72.39,$17.91
7/29/2021,0.42,$73.62,$18.03
7/30/2021,0.42,$73.95,$17.49
8/2/2021,0.42,$71.26,$17.26
8/3/2021,0.42,$70.56,$17.74
8/4/2021,0.42,$68.15,$17.12
8/5/2021,0.44,$69.09,$18.03
8/6/2021,0.44,$68.28,$18.29
8/9/2021,0.44,$66.48,$18.04
8/10/2021,0.45,$68.29,$18.72
8/11/2021,0.45,$69.25,$18.96
8/12/2021,0.46,$69.09,$19.27
8/13/2021,0.46,$68.44,$18.96
8/16/2021,0.45,$67.29,$18.39
8/17/2021,0.45,$66.59,$18.22
8/18/2021,0.44,$65.46,$17.70
8/19/2021,0.44,$63.69,$17.16
8/20/2021,0.45,$62.32,$17.40
8/23/2021,0.46,$65.64,$18.46
8/24/2021,0.48,$67.54,$19.31
8/25/2021,0.49,$68.36,$19.80
8/26/2021,0.49,$67.42,$19.69
8/27/2021,0.50,$68.74,$20.55
8/30/2021,0.50,$69.21,$20.16
8/31/2021,0.50,$68.50,$20.01
9/1/2021,0.49,$68.59,$19.12
9/2/2021,0.49,$69.99,$19.85
9/3/2021,0.49,$69.29,$19.75
9/7/2021,0.49,$68.35,$19.67
9/8/2021,0.48,$69.30,$19.11
9/9/2021,0.49,$68.14,$19.26
9/10/2021,0.49,$69.72,$19.00
9/13/2021,0.49,$70.45,$19.58
9/14/2021,0.49,$70.46,$19.14
9/15/2021,0.51,$72.61,$20.53
9/16/2021,0.51,$72.61,$20.52
9/17/2021,0.51,$71.97,$20.17
9/20/2021,0.49,$70.29,$19.08
9/21/2021,0.50,$70.56,$19.29
9/22/2021,0.52,$72.23,$20.61
9/23/2021,0.54,$73.30,$22.21
9/24/2021,0.54,$73.98,$22.40
9/27/2021,0.55,$75.45,$23.70
9/28/2021,0.55,$75.29,$23.78
9/29/2021,0.56,$74.83,$24.20
9/30/2021,0.57,$75.03,$24.04
10/1/2021,0.57,$75.88,$24.92
10/4/2021,0.59,$77.62,$26.24
10/5/2021,0.61,$78.93,$27.13
10/6/2021,0.60,$77.43,$26.19
10/7/2021,0.59,$78.30,$26.00
10/8/2021,0.60,$79.35,$26.99
10/11/2021,0.60,$80.52,$26.71
10/12/2021,0.60,$80.64,$26.57
10/13/2021,0.60,$80.44,$26.40
10/14/2021,0.60,$81.31,$26.93
10/15/2021,0.60,$82.28,$27.15
10/18/2021,0.61,$82.44,$27.43
10/19/2021,0.60,$82.96,$27.28
10/20/2021,0.60,$83.87,$27.70
10/21/2021,0.60,$82.50,$26.88
10/22/2021,0.60,$83.76,$27.38
10/25/2021,0.59,$83.76,$27.53
10/26/2021,0.59,$84.65,$28.10
10/27/2021,0.58,$82.66,$26.82
10/28/2021,0.59,$82.81,$27.42
10/29/2021,0.58,$83.57,$27.13
11/1/2021,0.60,$84.05,$28.43
11/2/2021,0.61,$83.91,$28.42
11/3/2021,0.62,$80.86,$28.41
11/4/2021,0.62,$78.81,$28.68
11/5/2021,0.63,$81.27,$29.50
11/8/2021,0.63,$81.93,$29.87
11/9/2021,0.62,$84.15,$29.78
11/10/2021,0.61,$81.34,$28.66
11/11/2021,0.62,$81.59,$28.92
11/12/2021,0.62,$80.79,$28.83
11/15/2021,0.62,$80.88,$29.23
11/16/2021,0.62,$80.76,$29.40
11/17/2021,0.61,$78.36,$28.63
11/18/2021,0.63,$79.01,$29.33
11/19/2021,0.62,$76.10,$27.49
11/22/2021,0.62,$76.75,$27.85
11/23/2021,0.64,$78.50,$29.41
11/24/2021,0.66,$78.39,$30.53
11/26/2021,0.65,$68.15,$28.91
11/29/2021,0.66,$69.95,$29.73
11/30/2021,0.65,$66.18,$28.47
12/1/2021,0.63,$65.57,$27.65
12/2/2021,0.63,$66.50,$28.16
12/3/2021,0.64,$66.26,$28.28
12/6/2021,0.64,$69.49,$28.68
12/7/2021,0.67,$72.05,$30.55
12/8/2021,0.67,$72.36,$30.40
12/9/2021,0.64,$70.94,$28.65
12/10/2021,0.65,$71.67,$29.40
12/13/2021,0.63,$71.29,$27.80
12/14/2021,0.62,$70.73,$27.31
12/15/2021,0.62,$70.87,$27.07
12/16/2021,0.62,$72.38,$27.32
12/17/2021,0.62,$70.86,$26.54
12/20/2021,0.61,$68.23,$25.90
12/21/2021,0.65,$71.12,$27.97
12/22/2021,0.66,$72.76,$28.63
12/23/2021,0.65,$73.79,$28.47
12/27/2021,0.68,$75.57,$30.20
12/28/2021,0.68,$75.98,$30.13
12/29/2021,0.68,$76.56,$29.92
12/30/2021,0.68,$76.99,$29.56
12/31/2021,0.68,$75.21,$29.82
1/3/2022,0.68,$76.08,$30.85
1/4/2022,0.68,$76.99,$32.27
1/5/2022,0.66,$77.85,$31.55
1/6/2022,0.67,$79.46,$32.75
1/7/2022,0.67,$78.90,$33.10
1/10/2022,0.67,$78.23,$32.83
1/11/2022,0.66,$81.22,$33.71
1/12/2022,0.66,$82.64,$33.78
1/13/2022,0.66,$82.12,$33.61
1/14/2022,0.66,$83.82,$34.11
1/18/2022,0.65,$85.43,$34.09
1/19/2022,0.63,$86.96,$33.13
1/20/2022,0.63,$86.90,$32.92
1/21/2022,0.60,$85.14,$31.22
1/24/2022,0.63,$83.31,$32.72
1/25/2022,0.65,$85.60,$34.70
1/26/2022,0.66,$87.35,$35.06
1/27/2022,0.65,$86.61,$35.03
1/28/2022,0.65,$86.82,$34.90
1/31/2022,0.63,$88.15,$34.24
2/1/2022,0.61,$88.20,$35.58
2/2/2022,0.62,$88.26,$35.36
2/3/2022,0.63,$90.27,$35.21
2/4/2022,0.61,$92.31,$35.12
2/7/2022,0.60,$91.32,$34.93
2/8/2022,0.60,$89.36,$34.00
2/9/2022,0.62,$89.66,$34.62
2/10/2022,0.62,$89.88,$34.68
2/11/2022,0.63,$93.10,$35.94
2/14/2022,0.62,$95.46,$34.71
2/15/2022,0.62,$92.07,$34.15
2/16/2022,0.64,$93.66,$35.77
2/17/2022,0.66,$91.76,$36.70
2/18/2022,0.66,$91.07,$36.38
2/22/2022,0.64,$92.35,$34.98
2/23/2022,0.65,$92.10,$35.57
2/24/2022,0.65,$92.81,$35.04
2/25/2022,0.66,$91.59,$36.66
2/28/2022,0.71,$95.72,$39.55
3/1/2022,0.70,$103.41,$39.35
3/2/2022,0.68,$110.60,$38.96
3/3/2022,0.68,$107.67,$39.09
3/4/2022,0.66,$115.68,$39.57
3/7/2022,0.64,$119.40,$39.78
3/8/2022,0.63,$123.70,$39.51
3/9/2022,0.67,$108.70,$39.15
3/10/2022,0.66,$106.02,$40.23
3/11/2022,0.66,$109.33,$38.95
3/14/2022,0.61,$103.01,$35.00
3/15/2022,0.65,$96.44,$35.21
3/16/2022,0.65,$95.04,$34.84
3/17/2022,0.69,$102.98,$38.20
3/18/2022,0.70,$104.70,$38.70
3/21/2022,0.71,$112.12,$40.81
3/22/2022,0.70,$111.76,$40.27
3/23/2022,0.71,$114.93,$40.96
3/24/2022,0.70,$112.34,$40.87
3/25/2022,0.70,$113.90,$41.51
3/28/2022,0.69,$105.96,$40.15
3/29/2022,0.70,$104.24,$40.19
3/30/2022,0.69,$107.82,$40.22
3/31/2022,0.68,$100.28,$39.27
4/1/2022,0.69,$99.27,$40.08
4/4/2022,0.70,$103.28,$40.42
4/5/2022,0.67,$101.96,$38.84
4/6/2022,0.66,$96.23,$38.75
4/7/2022,0.67,$96.03,$40.00
4/8/2022,0.68,$98.26,$41.43
4/11/2022,0.68,$94.29,$39.87
4/12/2022,0.69,$100.60,$41.35
4/13/2022,0.70,$104.25,$42.34
4/14/2022,0.68,$106.95,$41.55
4/18/2022,0.68,$108.21,$42.20
4/19/2022,0.68,$102.56,$41.84
4/20/2022,0.70,$102.75,$42.91
4/21/2022,0.67,$103.79,$40.62
4/22/2022,0.65,$102.07,$38.57
4/25/2022,0.65,$98.54,$37.31
4/26/2022,0.65,$101.70,$37.46
4/27/2022,0.65,$102.02,$38.57
4/28/2022,0.65,$105.36,$39.78
4/29/2022,0.65,$104.69,$38.42
5/2/2022,0.64,$105.17,$38.54
5/3/2022,0.69,$102.41,$42.45
5/4/2022,0.70,$107.81,$44.74
5/5/2022,0.71,$108.26,$44.35
5/6/2022,0.72,$109.77,$46.00
5/9/2022,0.70,$103.09,$40.93
5/10/2022,0.71,$99.76,$42.08
5/11/2022,0.71,$105.71,$42.69
5/12/2022,0.70,$106.13,$42.64
5/13/2022,0.73,$110.49,$45.34
5/16/2022,0.73,$114.20,$46.85
5/17/2022,0.74,$112.40,$47.90
5/18/2022,0.73,$109.59,$46.15
5/19/2022,0.72,$112.21,$45.88
5/20/2022,0.72,$113.23,$46.15
5/23/2022,0.71,$110.29,$46.90
5/24/2022,0.70,$109.77,$46.46
5/25/2022,0.70,$110.33,$47.48
5/26/2022,0.72,$114.09,$48.71
5/27/2022,0.73,$115.07,$50.03
5/31/2022,0.73,$114.67,$49.43
6/1/2022,0.74,$115.26,$50.48
6/2/2022,0.74,$116.87,$50.36
6/3/2022,0.73,$118.87,$50.83
6/6/2022,0.73,$118.50,$50.85
6/7/2022,0.71,$119.41,$51.51
6/8/2022,0.70,$122.11,$51.43
6/9/2022,0.72,$121.51,$51.38
6/10/2022,0.71,$120.67,$48.88
6/13/2022,0.69,$120.93,$45.70
6/14/2022,0.70,$118.93,$46.59
6/15/2022,0.69,$115.31,$45.18
6/16/2022,0.66,$117.59,$41.76
6/17/2022,0.64,$109.56,$38.29
6/21/2022,0.63,$110.65,$39.97
6/22/2022,0.63,$106.19,$37.98
6/23/2022,0.61,$104.27,$36.13
6/24/2022,0.59,$107.62,$35.49
6/27/2022,0.62,$109.57,$38.14
6/28/2022,0.62,$111.76,$39.24
6/29/2022,0.61,$109.78,$36.84
6/30/2022,0.62,$105.76,$36.37
7/1/2022,0.60,$108.43,$36.37
7/5/2022,0.59,$99.50,$34.25
7/6/2022,0.59,$98.53,$33.66
7/7/2022,0.60,$102.73,$35.42
7/8/2022,0.61,$104.79,$35.96
7/11/2022,0.60,$104.90,$35.19
7/12/2022,0.59,$95.84,$34.27
7/13/2022,0.59,$96.30,$34.71
7/14/2022,0.59,$95.78,$33.94
7/15/2022,0.60,$97.59,$34.79
7/18/2022,0.61,$102.60,$36.05
7/19/2022,0.62,$104.22,$37.76
7/20/2022,0.62,$102.26,$38.07
7/21/2022,0.61,$96.35,$37.09
7/22/2022,0.61,$94.70,$36.43
7/25/2022,0.62,$96.70,$38.26
7/26/2022,0.61,$94.98,$37.46
7/27/2022,0.62,$97.26,$39.32
7/28/2022,0.62,$96.42,$39.84
7/29/2022,0.62,$98.62,$41.48
8/1/2022,0.62,$93.89,$40.64
8/2/2022,0.62,$94.42,$40.02
8/3/2022,0.60,$90.66,$37.42
8/4/2022,0.60,$88.54,$35.96
8/5/2022,0.61,$89.01,$37.39
8/8/2022,0.62,$90.76,$37.96
8/9/2022,0.62,$90.50,$38.97
8/10/2022,0.63,$91.93,$39.63
8/11/2022,0.66,$94.34,$42.21
8/12/2022,0.66,$92.09,$42.92
8/15/2022,0.65,$89.41,$41.63
8/16/2022,0.66,$86.53,$41.63
8/17/2022,0.66,$88.11,$42.00
8/18/2022,0.68,$90.50,$44.47
8/19/2022,0.69,$90.77,$44.86
8/22/2022,0.69,$90.23,$44.80
8/23/2022,0.69,$93.74,$46.41
8/24/2022,0.70,$94.89,$47.44
8/25/2022,0.70,$92.52,$48.27
8/26/2022,0.70,$93.06,$47.65
8/29/2022,0.70,$97.01,$48.55
8/30/2022,0.70,$91.64,$46.54
8/31/2022,0.70,$89.55,$46.24
9/1/2022,0.69,$86.61,$44.63
9/2/2022,0.70,$86.87,$46.06
9/6/2022,0.69,$86.88,$45.53
9/7/2022,0.69,$81.94,$44.76
9/8/2022,0.69,$83.54,$45.12
9/9/2022,0.69,$86.79,$44.86
9/12/2022,0.71,$87.78,$46.62
9/13/2022,0.70,$87.31,$45.23
9/14/2022,0.72,$88.48,$47.26
9/15/2022,0.71,$85.10,$45.50
9/16/2022,0.69,$85.11,$43.75
9/19/2022,0.69,$85.73,$43.15
9/20/2022,0.68,$84.45,$42.64
9/21/2022,0.69,$82.94,$42.22
9/22/2022,0.68,$83.49,$41.33
9/23/2022,0.65,$78.74,$37.78
9/26/2022,0.64,$76.71,$36.13
9/27/2022,0.63,$78.50,$36.78
9/28/2022,0.65,$82.15,$39.32
9/29/2022,0.67,$81.23,$39.92
9/30/2022,0.67,$79.49,$39.37
10/3/2022,0.69,$83.63,$42.78
10/4/2022,0.70,$86.52,$45.23
10/5/2022,0.69,$87.76,$46.41
10/6/2022,0.69,$88.45,$47.30
10/7/2022,0.69,$92.64,$47.17
10/10/2022,0.69,$91.13,$46.07
10/11/2022,0.68,$89.35,$44.90
10/12/2022,0.68,$87.27,$45.44
10/13/2022,0.69,$89.11,$47.31
10/14/2022,0.66,$85.61,$44.54
10/17/2022,0.67,$85.46,$45.71
10/18/2022,0.67,$82.82,$45.69
10/19/2022,0.67,$85.55,$47.11
10/20/2022,0.67,$85.98,$46.94
10/21/2022,0.68,$85.05,$48.65
10/24/2022,0.68,$84.58,$49.27
10/25/2022,0.69,$85.32,$49.44
10/26/2022,0.70,$87.91,$50.37
10/27/2022,0.69,$89.08,$50.13
10/28/2022,0.67,$87.90,$49.77
10/31/2022,0.68,$86.53,$50.65
11/1/2022,0.67,$88.37,$50.62
11/2/2022,0.60,$90.00,$44.09
11/3/2022,0.62,$88.17,$46.24
11/4/2022,0.62,$92.61,$46.73
11/7/2022,0.61,$91.79,$47.09
11/8/2022,0.61,$88.91,$47.06
11/9/2022,0.59,$85.83,$43.64
11/10/2022,0.60,$86.47,$45.09
11/11/2022,0.61,$88.96,$46.94
11/14/2022,0.61,$85.87,$46.74
11/15/2022,0.62,$86.92,$48.13
11/16/2022,0.61,$85.59,$46.63
11/17/2022,0.60,$81.64,$46.41
11/18/2022,0.60,$80.08,$45.51
11/21/2022,0.58,$79.73,$43.92
11/22/2022,0.58,$80.95,$44.82
11/23/2022,0.57,$77.94,$44.32
11/25/2022,0.58,$76.28,$44.68
11/28/2022,0.58,$77.24,$43.49
11/29/2022,0.59,$78.20,$44.12
11/30/2022,0.59,$80.55,$44.79
12/1/2022,0.59,$81.22,$44.63
12/2/2022,0.60,$79.98,$44.75
12/5/2022,0.60,$76.93,$43.50
12/6/2022,0.59,$74.25,$41.92
12/7/2022,0.60,$72.01,$42.00
12/8/2022,0.58,$71.46,$41.51
12/9/2022,0.57,$71.02,$38.97
12/12/2022,0.57,$73.17,$39.93
12/13/2022,0.57,$75.39,$40.52
12/14/2022,0.57,$77.28,$40.48
12/15/2022,0.57,$76.11,$40.25
12/16/2022,0.56,$74.29,$39.27
12/19/2022,0.55,$75.19,$38.74
12/20/2022,0.55,$76.09,$38.80
12/21/2022,0.56,$78.29,$40.37
12/22/2022,0.56,$77.49,$39.29
12/23/2022,0.56,$79.56,$40.86
12/27/2022,0.56,$79.53,$41.34
12/28/2022,0.55,$78.96,$39.80
12/29/2022,0.55,$78.40,$39.90
12/30/2022,0.55,$80.26,$40.21
1/3/2023,0.54,$76.93,$37.99
1/4/2023,0.54,$72.84,$38.50
1/5/2023,0.54,$73.67,$39.33
1/6/2023,0.54,$73.77,$40.03
1/9/2023,0.56,$74.63,$40.66
1/10/2023,0.56,$75.12,$41.27
1/11/2023,0.55,$77.41,$41.09
1/12/2023,0.56,$78.39,$41.86
1/13/2023,0.55,$79.86,$41.57
1/17/2023,0.55,$80.18,$41.50
1/18/2023,0.56,$79.48,$40.93
1/19/2023,0.57,$80.33,$41.89
1/20/2023,0.56,$81.31,$42.33
1/23/2023,0.57,$81.62,$42.99
1/24/2023,0.55,$80.13,$41.82
1/25/2023,0.56,$80.15,$41.95
1/26/2023,0.55,$81.01,$42.96
1/27/2023,0.55,$79.68,$42.67
1/30/2023,0.54,$77.90,$40.75
1/31/2023,0.54,$78.87,$41.34
2/1/2023,0.53,$76.41,$40.48
2/2/2023,0.54,$75.88,$39.86
2/3/2023,0.53,$73.39,$39.80
2/6/2023,0.53,$74.11,$39.33
2/7/2023,0.53,$77.14,$40.69
2/8/2023,0.53,$78.47,$40.11
2/9/2023,0.52,$78.06,$39.44
2/10/2023,0.52,$79.72,$41.56
2/13/2023,0.53,$80.14,$41.57
2/14/2023,0.54,$79.06,$41.82
2/15/2023,0.48,$78.59,$37.43
2/16/2023,0.47,$78.49,$36.44
2/17/2023,0.47,$76.34,$34.88
2/21/2023,0.47,$76.16,$35.14
2/22/2023,0.48,$73.95,$35.05
2/23/2023,0.48,$75.39,$35.97
2/24/2023,0.48,$76.32,$35.97
2/27/2023,0.48,$75.68,$35.66
2/28/2023,0.48,$77.05,$35.26
3/1/2023,0.48,$77.69,$35.80
3/2/2023,0.49,$78.16,$36.43
3/3/2023,0.49,$79.68,$37.06
3/6/2023,0.48,$80.46,$36.94
3/7/2023,0.48,$77.58,$35.99
3/8/2023,0.48,$76.66,$35.64
3/9/2023,0.47,$75.72,$34.65
3/10/2023,0.47,$76.68,$33.85
3/13/2023,0.46,$74.80,$32.69
3/14/2023,0.46,$71.33,$32.19
3/15/2023,0.44,$67.61,$29.51
3/16/2023,0.45,$68.35,$30.26
3/17/2023,0.46,$66.74,$30.18
3/20/2023,0.46,$67.64,$30.74
3/21/2023,0.45,$69.33,$32.09
3/22/2023,0.45,$70.90,$31.24
3/23/2023,0.45,$69.96,$30.55
3/24/2023,0.45,$69.26,$30.46
3/27/2023,0.45,$72.81,$31.44
3/28/2023,0.45,$73.20,$31.76
3/29/2023,0.45,$72.97,$32.56
3/30/2023,0.45,$74.37,$32.60
3/31/2023,0.46,$75.67,$33.10
4/3/2023,0.46,$80.42,$34.86
4/4/2023,0.45,$80.71,$34.49
4/5/2023,0.45,$80.61,$35.01
4/6/2023,0.46,$80.70,$34.60
4/10/2023,0.46,$79.74,$34.92
4/11/2023,0.47,$81.53,$35.51
4/12/2023,0.47,$83.26,$35.67
4/13/2023,0.47,$82.16,$36.11
4/14/2023,0.48,$82.52,$36.43
4/17/2023,0.48,$80.83,$36.17
4/18/2023,0.47,$80.86,$36.11
4/19/2023,0.47,$79.16,$35.87
4/20/2023,0.46,$77.29,$35.33
4/21/2023,0.46,$77.87,$35.07
4/24/2023,0.46,$78.76,$35.62
4/25/2023,0.45,$77.07,$34.80
4/26/2023,0.45,$74.30,$33.50
4/27/2023,0.44,$74.76,$33.53
4/28/2023,0.45,$76.78,$34.29
5/1/2023,0.46,$75.66,$34.16
5/2/2023,0.46,$71.66,$32.54
5/3/2023,0.45,$68.60,$31.45
5/4/2023,0.45,$68.56,$30.96
5/5/2023,0.46,$71.34,$32.32
5/8/2023,0.46,$73.16,$32.73
5/9/2023,0.45,$73.71,$31.55
5/10/2023,0.44,$72.56,$30.87
5/11/2023,0.44,$70.87,$30.33
5/12/2023,0.45,$70.04,$30.49
5/15/2023,0.45,$71.11,$30.62
5/16/2023,0.44,$70.86,$29.60
5/17/2023,0.45,$72.83,$30.62
5/18/2023,0.45,$71.86,$30.98
5/19/2023,0.46,$71.55,$31.57
5/22/2023,0.46,$71.99,$31.65
5/23/2023,0.45,$72.91,$31.51
5/24/2023,0.45,$74.34,$31.87
5/25/2023,0.45,$71.83,$30.72
5/26/2023,0.45,$72.67,$30.85
5/30/2023,0.44,$69.46,$30.13
5/31/2023,0.44,$68.09,$29.58
6/1/2023,0.45,$70.10,$30.02
6/2/2023,0.45,$71.74,$31.14
6/5/2023,0.45,$72.15,$31.04
6/6/2023,0.45,$71.74,$31.41
6/7/2023,0.45,$72.53,$32.12
6/8/2023,0.45,$71.29,$32.10
6/9/2023,0.46,$70.17,$32.00
6/12/2023,0.46,$67.12,$31.70
6/13/2023,0.47,$69.42,$32.34
6/14/2023,0.46,$68.27,$31.41
6/15/2023,0.47,$70.62,$31.83
6/16/2023,0.47,$71.78,$31.96
6/20/2023,0.47,$70.50,$30.97
6/21/2023,0.47,$72.53,$31.40
6/22/2023,0.46,$69.51,$30.60
6/23/2023,0.46,$69.16,$30.26
6/26/2023,0.46,$69.37,$30.63
6/27/2023,0.45,$67.70,$30.37
6/28/2023,0.45,$69.56,$30.60
6/29/2023,0.45,$69.86,$31.06
6/30/2023,0.45,$70.64,$31.02
7/3/2023,0.45,$69.79,$31.33
7/5/2023,0.45,$71.79,$31.12
7/6/2023,0.46,$71.80,$30.51
7/7/2023,0.47,$73.86,$31.35
7/10/2023,0.47,$72.99,$31.57
7/11/2023,0.48,$74.83,$32.44
7/12/2023,0.48,$75.75,$32.78
7/13/2023,0.49,$76.89,$32.80
7/14/2023,0.48,$75.42,$31.38
7/17/2023,0.48,$74.15,$31.39
7/18/2023,0.50,$75.75,$32.41
7/19/2023,0.50,$75.35,$32.48
7/20/2023,0.50,$75.63,$32.98
7/21/2023,0.50,$77.07,$33.54
7/24/2023,0.50,$78.74,$34.07
7/25/2023,0.50,$79.63,$34.27
7/26/2023,0.50,$78.78,$34.11
7/27/2023,0.49,$80.09,$33.51
7/28/2023,0.51,$80.58,$34.01
7/31/2023,0.50,$81.80,$34.65
8/1/2023,0.50,$81.37,$34.45
8/2/2023,0.47,$79.49,$31.92
8/3/2023,0.47,$81.55,$32.57
8/4/2023,0.47,$82.82,$32.55
8/7/2023,0.47,$81.94,$32.55
8/8/2023,0.47,$82.92,$32.53
8/9/2023,0.47,$84.40,$32.80
8/10/2023,0.46,$82.82,$32.52
8/11/2023,0.45,$83.19,$32.30
8/14/2023,0.45,$82.51,$32.22
8/15/2023,0.45,$80.99,$31.52
8/16/2023,0.45,$79.38,$31.09
8/17/2023,0.45,$80.39,$31.43
8/18/2023,0.45,$81.25,$32.03
8/21/2023,0.46,$80.72,$32.14
8/22/2023,0.46,$80.35,$31.87
8/23/2023,0.46,$78.89,$31.61
8/24/2023,0.45,$79.05,$31.29
8/25/2023,0.46,$79.83,$32.31
8/28/2023,0.46,$80.10,$32.40
8/29/2023,0.46,$81.16,$32.50
8/30/2023,0.45,$81.63,$32.46
8/31/2023,0.45,$83.63,$32.73
9/1/2023,0.46,$85.55,$33.91
9/5/2023,0.47,$86.69,$34.28
9/6/2023,0.46,$87.54,$34.27
9/7/2023,0.46,$86.87,$33.64
9/8/2023,0.45,$87.51,$33.74
9/11/2023,0.44,$87.29,$32.53
9/12/2023,0.43,$88.84,$32.93
9/13/2023,0.43,$88.52,$32.45
9/14/2023,0.43,$90.16,$32.63
9/15/2023,0.43,$90.77,$31.83
9/18/2023,0.42,$91.48,$31.71
9/19/2023,0.42,$91.20,$31.39
9/20/2023,0.41,$90.28,$30.68
9/21/2023,0.40,$89.63,$29.73
9/22/2023,0.41,$90.03,$29.85
9/25/2023,0.41,$89.68,$30.44
9/26/2023,0.40,$90.39,$30.08
9/27/2023,0.41,$93.68,$31.29
9/28/2023,0.41,$91.71,$31.27
9/29/2023,0.41,$90.79,$30.56
10/2/2023,0.39,$88.82,$29.25
10/3/2023,0.39,$89.23,$29.31
10/4/2023,0.39,$84.22,$27.77
10/5/2023,0.39,$82.31,$27.45
10/6/2023,0.41,$82.79,$28.00
10/9/2023,0.42,$86.38,$29.54
10/10/2023,0.42,$85.97,$29.52
10/11/2023,0.44,$83.49,$29.95
10/12/2023,0.44,$82.91,$29.91
10/13/2023,0.44,$87.69,$31.00
10/16/2023,0.45,$86.66,$31.65
10/17/2023,0.45,$86.66,$31.99
10/18/2023,0.44,$88.32,$32.09
10/19/2023,0.44,$89.37,$31.55
10/20/2023,0.43,$88.75,$30.96
10/23/2023,0.44,$85.49,$30.57
10/24/2023,0.44,$83.74,$30.41
10/25/2023,0.44,$85.39,$30.66
10/26/2023,0.44,$83.21,$30.22
10/27/2023,0.44,$85.54,$29.97
10/30/2023,0.44,$82.31,$29.58
10/31/2023,0.44,$81.02,$29.84
11/1/2023,0.44,$80.44,$29.61
11/2/2023,0.43,$82.46,$30.29
11/3/2023,0.44,$80.51,$30.33
11/6/2023,0.44,$80.82,$29.93
11/7/2023,0.43,$77.37,$29.02
11/8/2023,0.43,$75.33,$28.31
11/9/2023,0.43,$75.74,$28.28
11/10/2023,0.44,$77.17,$29.23
11/13/2023,0.43,$78.26,$29.10
11/14/2023,0.43,$78.26,$29.31
11/15/2023,0.43,$76.66,$29.16
11/16/2023,0.43,$72.90,$28.38
11/17/2023,0.43,$75.89,$29.06
11/20/2023,0.43,$77.60,$29.25
11/21/2023,0.43,$77.77,$28.99
11/22/2023,0.43,$77.10,$28.93
11/24/2023,0.43,$75.54,$29.06
11/27/2023,0.43,$74.86,$28.79
11/28/2023,0.43,$76.41,$28.72
11/29/2023,0.43,$77.86,$28.75
11/30/2023,0.43,$75.96,$28.81
12/1/2023,0.43,$74.07,$28.94
12/4/2023,0.43,$73.04,$28.63
12/5/2023,0.43,$72.32,$28.05
12/6/2023,0.43,$69.38,$27.71
12/7/2023,0.44,$69.34,$27.84
12/8/2023,0.44,$71.23,$28.25
12/11/2023,0.44,$71.32,$28.45
12/12/2023,0.44,$68.61,$27.77
12/13/2023,0.44,$69.47,$28.33
12/14/2023,0.45,$71.58,$28.83
12/15/2023,0.45,$71.43,$28.75
12/18/2023,0.45,$72.47,$28.99
12/19/2023,0.45,$73.44,$29.27
12/20/2023,0.45,$74.22,$28.99
12/21/2023,0.45,$73.89,$29.38
12/22/2023,0.45,$73.56,$29.35
12/26/2023,0.46,$75.57,$29.90
12/27/2023,0.46,$74.11,$29.73
12/28/2023,0.46,$71.77,$29.32
12/29/2023,0.46,$71.65,$29.02
1/2/2024,0.45,$70.38,$29.37
1/3/2024,0.46,$72.70,$29.99
1/4/2024,0.45,$72.19,$29.24
1/5/2024,0.45,$73.81,$29.43
1/8/2024,0.45,$70.77,$29.17
1/9/2024,0.45,$72.24,$28.68
1/10/2024,0.45,$71.37,$28.15
1/11/2024,0.45,$72.02,$27.93
1/12/2024,0.43,$72.68,$27.40
1/16/2024,0.43,$72.40,$26.70
1/17/2024,0.43,$72.56,$26.33
1/18/2024,0.43,$74.08,$26.32
1/19/2024,0.43,$73.41,$26.25
1/22/2024,0.43,$75.19,$26.38
1/23/2024,0.43,$74.37,$26.46
1/24/2024,0.42,$75.09,$26.67
1/25/2024,0.42,$77.36,$27.22
1/26/2024,0.42,$78.01,$27.31
1/29/2024,0.42,$76.78,$27.40
1/30/2024,0.42,$77.82,$27.76
1/31/2024,0.41,$75.85,$26.92
2/1/2024,0.41,$73.82,$26.78
2/2/2024,0.41,$72.28,$26.46
2/5/2024,0.40,$72.78,$26.07
2/6/2024,0.40,$73.31,$26.32
2/7/2024,0.41,$73.86,$26.47
2/8/2024,0.41,$76.22,$27.17
2/9/2024,0.41,$76.84,$26.65
2/12/2024,0.41,$76.92,$27.06
2/13/2024,0.41,$77.87,$26.85
2/14/2024,0.41,$76.64,$26.81
2/15/2024,0.42,$78.03,$27.67
2/16/2024,0.42,$79.19,$27.84
2/20/2024,0.42,$78.18,$27.81
2/21/2024,0.42,$77.91,$28.26
2/22/2024,0.42,$78.61,$28.17
2/23/2024,0.42,$76.49,$28.11
2/26/2024,0.42,$77.58,$28.08
2/27/2024,0.43,$78.87,$28.40
2/28/2024,0.42,$78.54,$28.21
2/29/2024,0.42,$78.26,$27.98
3/1/2024,0.42,$79.97,$28.19
3/4/2024,0.42,$78.74,$28.17
3/5/2024,0.43,$78.15,$28.63
3/6/2024,0.43,$79.13,$28.86
3/7/2024,0.43,$78.93,$29.14
3/8/2024,0.43,$78.01,$29.31
3/11/2024,0.43,$77.93,$29.64
3/12/2024,0.43,$77.56,$29.58
3/13/2024,0.43,$79.72,$30.11
3/14/2024,0.43,$81.26,$30.39
3/15/2024,0.43,$81.04,$30.24
3/18/2024,0.43,$82.72,$30.14
3/19/2024,0.43,$83.47,$30.75
3/20/2024,0.43,$81.68,$30.87
3/21/2024,0.43,$81.07,$30.82
3/22/2024,0.43,$80.63,$30.71
3/25/2024,0.43,$81.95,$31.15
3/26/2024,0.43,$81.62,$30.98
3/27/2024,0.43,$81.35,$31.41
3/28/2024,0.44,$83.17,$31.86
4/1/2024,0.44,$83.71,$32.35
4/2/2024,0.44,$85.15,$32.78
4/3/2024,0.45,$85.43,$33.51
4/4/2024,0.44,$86.59,$33.36
4/5/2024,0.44,$86.91,$33.83
4/8/2024,0.45,$86.43,$33.93
4/9/2024,0.45,$85.23,$34.38
4/10/2024,0.45,$86.21,$34.61
4/11/2024,0.45,$85.02,$34.23
4/12/2024,0.45,$85.66,$33.92
4/15/2024,0.44,$85.41,$33.45
4/16/2024,0.44,$85.36,$33.13
4/17/2024,0.44,$82.69,$32.81
4/18/2024,0.44,$82.73,$32.66
4/19/2024,0.44,$83.14,$32.91
4/22/2024,0.44,$82.85,$33.10
4/23/2024,0.44,$83.36,$33.38
4/24/2024,0.43,$82.81,$33.08
4/25/2024,0.44,$83.57,$33.41
4/26/2024,0.45,$83.85,$33.35
4/29/2024,0.45,$82.63,$33.58
4/30/2024,0.44,$81.93,$32.38
5/1/2024,0.44,$79.00,$31.89
5/2/2024,0.44,$78.95,$31.85
5/3/2024,0.44,$78.11,$31.94
5/6/2024,0.44,$78.48,$32.14
5/7/2024,0.44,$78.38,$32.22
5/8/2024,0.44,$78.99,$31.95
5/9/2024,0.43,$79.26,$32.14
5/10/2024,0.43,$78.26,$31.68
5/13/2024,0.43,$79.12,$31.54
5/14/2024,0.42,$78.02,$31.49
5/15/2024,0.42,$78.63,$31.42
5/16/2024,0.42,$79.23,$31.12
5/17/2024,0.41,$80.06,$31.36
5/20/2024,0.42,$79.80,$31.61
5/21/2024,0.42,$79.26,$31.45
5/22/2024,0.42,$77.57,$30.84
5/23/2024,0.42,$76.87,$30.48
5/24/2024,0.42,$77.72,$30.43
5/28/2024,0.43,$79.83,$30.91
5/29/2024,0.42,$79.23,$29.82
5/30/2024,0.42,$77.91,$30.08
5/31/2024,0.42,$76.99,$31.02
6/3/2024,0.41,$74.22,$29.75
6/4/2024,0.41,$73.25,$29.48